date;Dakar_yoff;Diourbel;Fatick;Kaffirine;Kaolak;Kedougou;Kolda;Louga;Matam;Stlouis;Tamba;Thies;Sediou;Ziguinchor
01/01/2000;3.9096699;0.29218477;0.49384123;0.3244905;0.9723837;0.96959245;1.3881475;0.09079464;0.19628927;0.26661342;0.93672144;0.34379214;1.6457607;2.0496445
01/02/2000;2.973322;0.18363354;0.44788048;0.23440364;0.9312937;0.70834064;1.1259569;0.10689907;0.19391161;0.29440224;0.75040853;0.23990217;1.5836889;2.089533
01/03/2000;2.0904503;0.11938531;0.33787173;0.16264245;0.826804;0.59870166;1.0329978;0.060895458;0.2111122;0.29484648;0.6891135;0.19183941;1.5281253;2.0690374
01/04/2000;2.5401525;0.06874371;0.22572559;0.09128172;0.7298412;0.47166085;0.86804014;0.05296059;0.25450158;0.33731014;0.52018744;0.11376757;1.3609575;1.8674526
01/05/2000;2.8068423;0.03997702;0.1507746;0.053610653;0.5956925;0.46180004;0.7591946;0.04714355;0.24840143;0.28776097;0.4150169;0.08991733;1.2440906;1.724164
01/06/2000;3.265228;0.2955487;0.5534301;0.5514696;1.1311537;2.759668;1.3979236;0.062268227;0.40637702;0.27467218;0.994171;0.083722174;1.9408008;2.196826
01/07/2000;3.5866163;1.3022823;1.7852607;1.9168881;2.3419774;3.6763642;2.947133;0.77981037;1.8648393;0.8751694;2.3062444;0.8778302;3.4389486;3.788459
01/08/2000;3.114827;3.210104;3.4941192;3.5243425;3.5726717;3.8008235;3.6040173;3.1608808;3.1133928;2.6759534;3.4503815;2.7570817;3.3347318;3.6386392
01/09/2000;3.114719;3.3389657;3.605158;3.7919571;3.7542684;4.0636735;3.9910517;2.6817284;1.822494;1.1115047;3.9585066;2.811849;3.6304173;3.9284015
01/10/2000;3.5504847;3.3658807;3.6382089;3.7324884;3.755455;4.1735096;4.0424905;2.55193;2.2455146;1.4726874;4.2229805;2.718821;3.7985396;4.1579614
01/11/2000;4.9137397;1.5215883;1.7563254;2.1974957;2.2898326;3.694051;3.6889138;0.6840909;0.6424505;0.35204554;2.5153878;1.0233223;3.6457534;3.9059072
01/12/2000;4.8950353;0.4458679;0.80720985;0.95129293;1.2592366;2.0367;1.9817836;0.21555927;0.238752;0.2866378;0.9607868;0.36109892;2.1083746;2.304703
01/01/2001;3.6251657;0.25215372;0.5469769;0.55486804;0.9853095;1.3700789;1.2728535;0.13472885;0.19537285;0.29474032;0.5581314;0.23981743;1.7745588;2.1702695
01/02/2001;2.737865;0.15945919;0.42117202;0.37330297;0.89045334;1.1049072;0.95564127;0.10654051;0.20002481;0.27968082;0.38849562;0.17583743;1.5752782;2.082494
01/03/2001;2.2147746;0.10259356;0.31759962;0.24522655;0.7767053;0.9797644;0.8020676;0.09186007;0.21021953;0.2837656;0.30194038;0.13488485;1.4760262;2.0002904
01/04/2001;2.0676665;0.06063562;0.21247286;0.141765;0.67167914;0.8159252;0.6930111;0.07496122;0.2392335;0.30909294;0.22149831;0.080652535;1.3597887;1.8982152
01/05/2001;2.3509488;0.041584484;0.15084165;0.08447282;0.5865749;0.759989;0.5801674;0.06856769;0.24826917;0.2788445;0.16128458;0.061740167;1.2217741;1.7000222
01/06/2001;2.86258;0.15539117;0.15678816;0.34766737;0.72837806;2.985672;1.987297;0.19583479;0.38704556;0.25178212;1.2009767;0.11434313;2.3871977;2.5333035
01/07/2001;3.5755374;2.2620335;2.8130393;2.8630486;3.2607;3.7477064;3.4354246;1.1902359;2.1112058;1.0276847;3.1072488;1.5015826;3.335924;3.755901
01/08/2001;3.7827418;3.1256201;3.4789257;3.4769783;3.565414;4.1708536;3.7848558;2.5989144;2.3471982;2.6228364;3.5485468;2.70438;3.426118;3.7552054
01/09/2001;3.1530783;3.5490842;3.8055832;3.8399007;3.8458939;4.196439;4.0202084;3.091503;2.9972103;2.3763328;3.8853054;3.1461427;3.6747465;3.907091
01/10/2001;3.2373443;3.0004168;3.0921698;3.3526006;3.6913757;4.4799294;3.8187327;1.3752463;0.91705704;1.1058487;2.7455413;2.4578576;4.003391;4.351307
01/11/2001;5.1818824;0.9979857;1.5953462;1.4604489;2.0206096;2.439904;2.1376462;0.23953617;0.23837015;0.43171924;0.98497325;1.0207715;3.2739117;3.697182
01/12/2001;4.5011005;0.3517829;0.7545976;0.63118243;1.1797137;1.3386458;1.1157813;0.10696519;0.19227155;0.29312912;0.34728274;0.49452484;1.9670454;2.2277384
01/01/2002;4.6328344;1.7528441;1.979556;1.4074007;2.1109033;0.93667114;0.8058101;1.6178461;0.82684404;1.7847847;0.26747584;1.4658766;1.8656561;2.4649966
01/02/2002;2.799388;0.68131834;0.7668594;0.38933662;1.1313968;0.7395018;0.6374763;0.48567075;0.18538907;0.4859753;0.13589673;0.5696006;1.6079257;2.1458752
01/03/2002;1.9562281;0.24176762;0.4409356;0.2334658;0.88685566;0.62803364;0.55115205;0.22949931;0.20237732;0.34685618;0.098939985;0.26965514;1.5131607;2.0862212
01/04/2002;1.8979423;0.13717078;0.31149295;0.15949178;0.7957518;0.5324241;0.5198205;0.13932213;0.22756028;0.3335532;0.07918384;0.17854571;1.3794405;1.9546319
01/05/2002;1.5360378;0.07885788;0.22567809;0.12401026;0.6704014;0.56977105;0.45026186;0.09433087;0.2379669;0.28153044;0.07355865;0.1299791;1.2408727;1.7436687
01/06/2002;2.4706237;0.19784644;0.27830434;0.47500616;0.72167444;2.9420984;1.6461313;0.105411746;0.5146535;0.30252618;1.4219433;0.104720704;2.2202487;2.249578
01/07/2002;4.4215693;0.7590512;0.71551275;1.1553913;1.4548842;2.892565;2.97127;0.10616891;0.4309276;0.29980764;2.0598173;0.12112688;3.2542813;3.6926074
01/08/2002;3.614366;2.3226132;2.438767;2.5493336;2.6057186;3.6206636;3.1566582;1.8302705;1.2089778;1.2382259;2.3904862;1.867651;3.4335759;3.411145
01/09/2002;3.3939555;3.499781;3.6879945;3.9942338;3.8884356;4.248013;4.0453596;3.0278666;1.4554942;2.0984757;3.9076962;2.9293299;3.7924974;4.057755
01/10/2002;3.748309;2.5584483;2.756603;3.2476065;3.4248765;3.751764;3.7260187;1.7855698;0.61938816;1.3558902;2.991884;2.144372;3.986652;4.3174915
01/11/2002;6.2602534;0.52207524;0.78127813;0.92255974;1.4237185;1.4849259;1.5507191;0.30423608;0.17591752;0.42636693;0.40404406;0.62305105;3.268239;3.5959864
01/12/2002;4.2255893;0.15019533;0.36230218;0.3732182;0.8865017;0.59528744;0.6572846;0.16253534;0.15793648;0.37912744;0.14569145;0.22990257;1.8786108;2.2667916
01/01/2003;4.2035656;0.079273246;0.23843348;0.1919223;0.6802287;0.3422685;0.4063202;0.07500686;0.1501888;0.31928065;0.08011237;0.13753307;1.3785521;1.7854637
01/02/2003;1.9827671;0.062103383;0.19773282;0.13925694;0.61426216;0.2619419;0.33609754;0.062490813;0.16504712;0.24881679;0.05548075;0.10769535;1.1612597;1.594454
01/03/2003;1.7909669;0.045104418;0.18163258;0.11397758;0.6673108;0.21700747;0.33683935;0.058199745;0.2045934;0.2676947;0.049398746;0.09694742;1.1217138;1.6803612
01/04/2003;1.6847588;0.04691584;0.13584179;0.07796753;0.6099483;0.17544301;0.32561365;0.06345241;0.22808835;0.31251925;0.047163107;0.07070601;1.004817;1.5184567
01/05/2003;2.0095668;0.028333627;0.10628253;0.050141476;0.5309219;0.18670037;0.30543002;0.057491474;0.2432661;0.2944041;0.039379112;0.06752554;0.8382453;1.2799995
01/06/2003;2.590839;0.18666126;0.28021073;0.31119493;0.7133037;2.5244057;1.9266503;0.11789892;0.56465065;0.2605496;1.0275282;0.14230329;1.414246;1.5455475
01/07/2003;3.491614;1.3237009;1.4659995;2.5831769;2.4227154;3.8351276;3.3884048;0.6786017;1.3002837;0.64374226;2.6962533;0.8674208;3.1532385;3.505921
01/08/2003;3.7933252;2.1707063;2.5632987;3.2529812;3.123426;3.6872773;3.457019;1.2564781;2.5990856;0.98496306;3.3110502;1.8038815;3.3017368;3.7055948
01/09/2003;2.8722546;3.448382;3.5394375;3.6494668;3.5514832;4.126965;3.8301544;3.3057947;3.133213;2.7785516;3.8396754;2.8265352;3.640213;3.9731524
01/10/2003;3.3986607;3.4934757;3.8223994;3.815311;3.971098;4.2151136;3.8386369;2.9220934;1.8714666;2.0879126;3.6547937;2.6428196;3.7804964;4.186345
01/11/2003;4.6655235;1.889659;2.0012376;2.0558918;2.4182358;3.5885406;3.3947918;0.88092124;0.3140145;0.49547106;2.0689783;1.0972475;3.8253489;4.076991
01/12/2003;5.08821;0.6299345;0.9509241;0.8396553;1.3603717;1.7072968;1.8159328;0.32018778;0.21002814;0.38642344;0.7655043;0.46428385;2.314658;2.4990523
01/01/2004;3.907308;0.38827118;0.6575128;0.5295929;1.0522511;1.0292809;1.1564521;0.27941447;0.17979276;0.37835073;0.4254086;0.34091622;1.7860597;2.131722
01/02/2004;2.1874123;0.24486147;0.52377677;0.37327594;0.9435117;0.8552894;0.95836633;0.15276018;0.18175878;0.23168698;0.29483345;0.2186168;1.653906;2.0444236
01/03/2004;2.2391453;0.17361808;0.45698416;0.26989168;0.9226389;0.69701576;0.87690073;0.1351405;0.21186285;0.31156278;0.19236562;0.19377284;1.602605;2.1193438
01/04/2004;2.356924;0.10796171;0.3176499;0.16586763;0.74631906;0.5825041;0.74156374;0.09834953;0.23723859;0.29170886;0.1584217;0.10747556;1.3699392;1.833708
01/05/2004;2.2738204;0.06766431;0.24649315;0.113607384;0.66882557;0.97898394;0.97161436;0.09077415;0.25174674;0.30773413;0.33124164;0.088369474;1.3571;1.7207106
01/06/2004;2.187673;0.15932974;0.27847475;0.4218528;0.7481808;2.8468146;2.0526834;0.14126487;0.22997893;0.26725605;1.42123;0.09895302;2.266909;2.425434
01/07/2004;3.2149181;1.1268417;1.9086077;1.9032285;2.465383;3.4171333;3.1466615;0.62215143;1.4214144;0.42334944;2.6134057;0.7267399;3.0951333;3.5718772
01/08/2004;2.8023422;2.7637193;3.0669608;3.3820086;3.465632;3.96863;3.7003505;2.441629;1.5992252;1.7621759;3.3497903;2.135547;3.4435446;3.8288198
01/09/2004;2.1482072;3.2090359;3.2284307;3.5443883;3.681982;4.5850325;4.0226607;1.4500432;0.97845125;0.44048485;3.846964;2.5647488;3.5986304;3.89726
01/10/2004;3.5854094;1.1934172;1.7540985;1.7077234;2.5768;4.0393033;3.7553115;0.24884194;0.25233907;0.3251657;2.0674775;0.7593967;4.082543;4.519826
01/11/2004;5.076714;0.1282189;0.30786172;0.32404903;0.9511393;1.8911985;2.1164286;0.07868558;0.18281582;0.3342973;0.43359864;0.07690769;3.1450605;3.3630505
01/12/2004;4.40149;0.048752874;0.15130267;0.14064741;0.6235512;0.7739784;1.0394557;0.05736202;0.15830341;0.31002238;0.1655193;0.043444335;1.9029826;2.175318
01/01/2005;3.372334;0.035846606;0.13150555;0.09145681;0.5765865;0.42628217;0.6743511;0.051139854;0.1564864;0.290717;0.09061303;0.034366734;1.5308652;1.957993
01/02/2005;3.0988007;0.09600725;0.18936023;0.11409912;0.6209463;0.38184226;0.69679135;0.31909066;0.2631722;0.60789007;0.1466116;0.12672879;1.5438153;1.955756
01/03/2005;1.5794486;0.061983243;0.134998;0.08294545;0.5954886;0.3800178;0.74452627;0.075215474;0.23685023;0.31897798;0.09872485;0.06392971;1.4059265;1.9733254
01/04/2005;2.075251;0.034086406;0.10464899;0.05387701;0.5418938;0.21861401;0.47086272;0.054026023;0.21787733;0.30178392;0.05122181;0.028318726;1.2478111;1.7721663
01/05/2005;2.6002564;0.039810315;0.09326916;0.06752368;0.5102018;1.1232896;1.0993751;0.058216974;0.23287348;0.2864562;0.18370338;0.03415998;1.322085;1.6278913
01/06/2005;4.3039618;0.37987995;0.46733394;0.44826138;0.97630733;1.73165;1.2843888;0.06541144;0.615255;0.28463173;0.6122701;0.09562541;1.6156286;2.0498297
01/07/2005;4.3588095;1.7009908;1.6625001;2.1061254;2.323024;3.395279;3.3120215;1.4304426;1.2212545;0.94776505;2.863434;1.2379167;3.2101068;3.740724
01/08/2005;3.7276409;2.801124;3.0946088;3.1255186;3.2263184;3.7649024;3.756972;2.325464;1.6562147;2.0181034;3.1268914;2.3471377;3.4877965;3.7830145
01/09/2005;3.5368464;3.2905796;3.5909638;3.7318244;3.8624845;4.0267;3.958444;2.2725034;1.7660875;1.365996;3.5766242;2.646479;3.7510498;4.150796
01/10/2005;3.0999146;1.6565342;2.1641898;3.064462;3.4439006;4.1318684;4.150848;0.4101265;1.6862266;0.31462032;3.0473144;1.095241;3.9678104;4.3931994
01/11/2005;5.832631;0.36457834;0.70472157;0.97654665;1.573856;2.0298836;2.799984;0.09002257;0.28992164;0.28602126;0.7368606;0.21993928;3.2480965;3.6761024
01/12/2005;4.106071;0.13113114;0.37717354;0.44581014;0.99187624;0.8657416;1.444364;0.05598925;0.21453016;0.27914438;0.2795644;0.11411216;2.005647;2.338387
01/01/2006;4.5504904;0.074236654;0.26028788;0.2554329;0.7951101;0.44891053;0.9156419;0.042323954;0.20304695;0.30430967;0.15205237;0.08007884;1.6326094;2.0910287
01/02/2006;2.3278706;0.06266963;0.2382761;0.1991652;0.772655;0.30757394;0.7112604;0.042973086;0.17006975;0.26007742;0.10731351;0.05438458;1.4887824;2.049816
01/03/2006;1.5997626;0.049407594;0.19106455;0.14067814;0.6869454;0.23891124;0.6121183;0.050407834;0.20404719;0.2703583;0.07315073;0.066543;1.386715;1.9515315
01/04/2006;1.8637404;0.03420748;0.13425247;0.082667455;0.61829853;0.16954122;0.5325503;0.046673696;0.23433985;0.28545085;0.047137495;0.049168244;1.2997115;1.859692
01/05/2006;2.403628;0.03871601;0.11109747;0.052731484;0.55030453;1.094603;0.83364177;0.049512833;0.23759621;0.28599334;0.36475992;0.031372532;1.3452592;1.6839318
01/06/2006;2.6672297;0.26905444;0.29188302;0.49833673;0.8761603;2.1829576;1.6649104;0.05158782;0.3982447;0.2546264;0.8199392;0.052233227;2.4708471;2.717279
01/07/2006;3.9049835;0.92000234;1.2852997;1.3556089;1.7736713;2.5240397;2.6962013;0.76021624;1.5831944;0.47360733;1.7634798;0.5987119;3.2250006;3.5689483
01/08/2006;3.4247377;2.510678;3.0968254;3.1826935;3.4324088;3.9051306;3.6149259;1.5848736;1.2533786;1.1787889;3.0493262;1.8857979;3.4575424;3.772823
01/09/2006;3.9657652;3.3113399;3.641272;3.6760905;3.786901;4.128365;3.8963985;2.8381069;2.967705;2.2409205;3.4220023;3.0564842;3.5603716;3.796188
01/10/2006;3.9261467;1.7933296;2.4070275;2.5457656;3.1157742;3.478813;3.9623203;0.6778371;0.4082499;0.60593057;2.035954;1.9354652;3.810552;4.146999
01/11/2006;5.2056017;0.24125817;0.66789985;0.6597303;1.4680494;1.270324;2.169381;0.07909257;0.23361576;0.34614933;0.2409108;0.52437466;3.3411531;3.7127762
01/12/2006;6.780811;0.07313024;0.30270034;0.24917722;0.8943258;0.4059188;0.98058116;0.04724972;0.18531922;0.3399169;0.08905213;0.20355359;2.0547574;2.3485403
01/01/2007;3.9749517;0.045498833;0.2186615;0.15295762;0.7213177;0.21560863;0.6073639;0.035590492;0.16603526;0.26013887;0.054239295;0.12946315;1.5458074;2.0522
01/02/2007;2.791196;0.03347546;0.18516742;0.11098385;0.7131919;0.15155691;0.49200934;0.034847297;0.18991716;0.31915492;0.039755367;0.106418505;1.4419006;2.0888457
01/03/2007;2.8494558;0.0294419;0.15794486;0.07823575;0.70333016;0.10208599;0.42062438;0.03880728;0.21183863;0.32061803;0.041937456;0.08285325;1.3331436;2.1157992
01/04/2007;1.4716126;0.025456771;0.10686414;0.050689094;0.56091416;0.07626833;0.3828793;0.041536987;0.23344067;0.29784533;0.045290682;0.04895497;1.197366;1.8748269
01/05/2007;1.705572;0.05908776;0.09986851;0.049521215;0.53365993;0.43507573;0.34272298;0.04351139;0.23907703;0.3354382;0.05354639;0.049775466;1.1072774;1.695063
01/06/2007;1.9954071;0.042598695;0.09653065;0.15795138;0.4930636;1.7508194;1.0349127;0.047325157;0.24336949;0.28884226;0.91253686;0.06752368;1.2646792;1.6831523
01/07/2007;3.2054298;0.6746855;1.121467;1.137333;1.5307804;2.868453;2.9504354;0.16455445;0.78719294;0.35004598;1.8452034;0.46235603;2.6685772;2.8680582
01/08/2007;2.6806817;3.0605626;3.3310876;3.2046885;3.3319294;3.6704588;3.3077607;2.6942146;3.0551515;1.7887633;3.2556765;2.6477623;3.2192142;3.6101098
01/09/2007;2.5404058;3.517312;3.6098492;3.6867094;3.6510146;4.0453076;3.886681;2.9862328;2.8975914;1.5148921;3.8722706;2.9574661;3.4369352;3.6702957
01/10/2007;3.7699678;2.650517;2.4276748;2.7068248;2.9444304;4.0322404;3.9109821;0.6302334;0.51662326;0.31093135;2.522922;2.0581875;4.1128817;4.5436406
01/11/2007;5.7253914;0.8312389;0.976759;1.0371562;1.5053219;2.0611286;2.4852958;0.16339868;0.28007197;0.34036395;0.9498149;0.74571556;3.181465;3.762939
01/12/2007;5.2564406;0.29768887;0.49180537;0.43513253;0.9014746;0.871026;1.1749492;0.08030608;0.22529252;0.2959687;0.4125489;0.36605448;1.9204942;2.3178105
01/01/2008;4.9316735;0.16673374;0.33965614;0.24861005;0.7471247;0.43793395;0.7080855;0.05657412;0.21281838;0.31344128;0.19521359;0.25164336;1.5028352;1.9836882
01/02/2008;2.790924;0.2504848;0.3491342;0.21669455;0.71031415;0.35008696;0.5691936;0.41280967;0.21104795;0.5042311;0.1463117;0.36375505;1.3805451;1.9161711
01/03/2008;1.734171;0.082518905;0.22883993;0.12949762;0.6124722;0.44746417;0.5232394;0.054845586;0.23942348;0.28355792;0.09396393;0.16279146;1.3067294;1.8505129
01/04/2008;1.424361;0.05455222;0.16392487;0.08557271;0.5482286;0.21024793;0.45966077;0.050471164;0.25487038;0.31356233;0.062202103;0.10139868;1.1936202;1.7126855
01/05/2008;2.8926432;0.034375116;0.123593956;0.06392598;0.53764975;0.6226664;0.5833665;0.052835792;0.25989208;0.32997504;0.09336043;0.06155949;1.128491;1.6076993
01/06/2008;2.7984717;0.20357221;0.39557928;0.588648;0.86761546;1.7738631;1.7559314;0.07067993;0.5641123;0.31025708;1.4249142;0.13817474;2.1966221;2.6708245
01/07/2008;3.543351;1.7095069;2.595598;2.917068;3.184123;4.002136;3.6809947;0.6362237;2.6294022;0.55093503;3.5090895;1.5076501;3.3555655;3.7521682
01/08/2008;2.9873326;2.6493268;3.118285;3.1891;3.3012488;3.9529214;3.6710966;1.8333224;1.9123229;1.8829024;3.5655527;2.2087238;3.279279;3.526739
01/09/2008;2.5746412;3.6247427;3.8365536;3.905547;3.8614776;4.294591;3.9480915;3.1331573;1.3625407;2.0299935;3.9693713;3.0521843;3.6252728;3.9484305
01/10/2008;3.469728;3.2161875;3.7165787;3.8773072;4.027404;4.1977177;4.2462387;1.348815;0.39263815;0.6739255;3.7950332;2.605834;3.8645267;4.23567
01/11/2008;3.748309;1.2111999;1.7788038;1.9546207;2.4221466;2.8058345;3.0037146;0.292724;0.19394979;0.33573434;1.7547449;1.0174234;3.151237;3.5838225
01/12/2008;4.9680767;0.39900747;0.92091036;0.92574584;1.4942018;1.2853165;1.6873451;0.14210957;0.18226355;0.31450576;0.80931467;0.4572356;1.9008964;2.2341526
01/01/2009;4.4739695;0.193174;0.56832004;0.49949437;1.1408124;0.70476717;1.0619527;0.08453429;0.16150437;0.31573886;0.4227953;0.28277653;1.5810858;1.9857548
01/02/2009;1.8946565;0.14861114;0.489112;0.44494215;1.0556151;0.78609306;0.918163;0.07257983;0.19450206;0.21928735;0.3776839;0.20610821;1.4809678;1.9239402
01/03/2009;1.4110245;0.10408927;0.43444335;0.38313028;1.0514325;0.5474854;0.8739;0.07249229;0.24117157;0.25431627;0.29167533;0.17266068;1.4979141;2.0444915
01/04/2009;1.4829897;0.07624552;0.38800853;0.2869731;0.9894725;0.42301556;0.7564132;0.066484794;0.24160929;0.31438285;0.22968185;0.16161892;1.3781852;1.9450034
01/05/2009;1.6002767;0.044724904;0.28168875;0.19071716;0.8314913;0.6588986;0.6539365;0.061567873;0.24855602;0.30601025;0.21205005;0.12232084;1.211118;1.6594436
01/06/2009;2.2538714;0.29596594;0.5221879;0.48781747;1.1135256;1.8442943;1.872601;0.24066958;0.5376404;0.37051085;1.0747333;0.21704939;2.0852816;2.4101417
01/07/2009;2.9265733;1.712419;2.239421;2.1806006;2.6373835;2.996647;3.0830848;0.79504496;1.5475396;0.40617025;2.6734536;1.0452774;3.3344133;3.7224748
01/08/2009;2.7890391;2.9948857;3.358909;3.3196862;3.4311078;3.802035;3.6585507;2.5623162;2.2122693;1.7273333;3.4257145;2.2771907;3.384049;3.6237025
01/09/2009;3.0570254;3.455353;3.6684833;3.7257354;3.7105353;3.9696245;3.7841182;3.3619766;3.0719965;2.2216654;3.7668664;2.9599628;3.4843078;3.770074
01/10/2009;3.5211444;3.1596768;3.6147442;3.7602446;4.0055943;4.2383523;3.8254848;1.7857803;0.80608016;0.59266853;3.499303;2.406544;3.974622;4.3423457
01/11/2009;4.6482944;1.4924957;1.950413;1.9781924;2.4965649;2.6124399;2.4648774;0.8008629;0.2977578;0.45302695;1.8358063;1.2680888;3.1934874;3.6864989
01/12/2009;3.9099045;0.4383819;0.9639822;0.87980926;1.4653374;1.127338;1.1806442;0.19236654;0.20236987;0.2456531;0.7516053;0.42578578;1.7859293;2.1472788
01/01/2010;3.5050364;0.27204677;0.7905001;0.6304625;1.2784908;0.694666;0.77325475;0.13065246;0.18100348;0.29155985;0.4877243;0.3332086;1.595961;2.044212
01/02/2010;1.7305388;0.1777932;0.6590029;0.5045738;1.1934023;0.5212091;0.6194999;0.10902248;0.19443594;0.22462755;0.35444462;0.23430027;1.4633658;1.9439784
01/03/2010;1.6887188;0.11717621;0.61644334;0.4304927;1.2219958;0.423288;0.6047236;0.092728995;0.23023784;0.31277257;0.28062427;0.19410066;1.4827391;2.0379918
01/04/2010;1.4182105;0.06696908;0.42956603;0.34076953;1.0420047;0.39408588;0.5594878;0.071541876;0.25327224;0.2790345;0.2284944;0.10582805;1.3611284;1.9142046
01/05/2010;1.993075;0.046901405;0.3446704;0.2313964;0.94585586;0.6861612;0.61006284;0.07194094;0.2668081;0.32594708;0.1728572;0.08354988;1.2103431;1.7826995
01/06/2010;3.4508965;0.2044402;0.52437556;0.4587099;1.0628151;1.8238621;1.736221;0.16032346;0.5716393;0.27157086;1.1238493;0.17890893;2.1588104;2.454127
01/07/2010;3.4001992;1.1026449;1.656834;1.8712962;2.3687603;3.3072214;3.0112603;0.45188516;1.3086312;0.28772745;2.9544122;0.5457206;3.288799;3.75121
01/08/2010;3.2809935;2.8912752;3.403699;3.328914;3.4850798;3.6160872;3.7349033;2.3388212;2.6937275;1.9697669;3.2149441;2.2937953;3.3932142;3.7325463
01/09/2010;3.0333698;3.2527876;3.4471872;3.366527;3.419524;3.71953;3.5541234;3.1756349;3.703408;3.0155833;3.5155742;2.8581283;3.1668572;3.3082738
01/10/2010;3.4634619;3.745921;3.996147;3.9461005;4.098269;4.1902356;4.047499;2.3827264;1.0889192;0.9608055;4.0076513;2.92884;3.8646283;4.1983166
01/11/2010;4.436921;2.356029;2.5613513;2.477997;3.106541;3.3473196;3.3726609;0.65639895;0.38357452;0.3868919;2.343881;1.4999267;3.5433424;4.006519
01/12/2010;4.3827295;0.845965;1.256098;1.1748598;1.7272811;1.6218703;1.6452214;0.2596192;0.2931757;0.27260464;0.9242631;0.5450929;1.9552531;2.2303686
01/01/2011;5.481191;0.49364752;0.9544604;0.7914808;1.4569415;0.94948244;1.0962207;0.17070678;0.2641538;0.29606932;0.5089296;0.39241648;1.630106;2.0128758
01/02/2011;4.019499;0.34175998;0.85604286;0.66110677;1.4993641;0.71117747;0.9583496;0.1437366;0.27303398;0.35226065;0.35889447;0.3360957;1.6579357;2.2318113
01/03/2011;1.878757;0.24341512;0.75780505;0.5823141;1.3897978;0.6170142;0.8520754;0.117129646;0.2611857;0.26391166;0.27954763;0.2159318;1.5155841;2.0988574
01/04/2011;1.3306625;0.16991514;0.62659013;0.4691547;1.3113217;0.5145222;0.73660815;0.10214839;0.29645395;0.2941927;0.20423345;0.16310997;1.4246385;1.9834955
01/05/2011;1.2600571;0.10329764;0.4628217;0.32925606;1.0585384;0.409523;0.63211846;0.078314915;0.26828516;0.256381;0.16969723;0.10963157;1.2546256;1.7399006
01/06/2011;2.6229396;0.119896606;0.37723595;0.2888348;0.93576777;1.9048387;1.4911573;0.072259456;0.28803572;0.27438346;0.783057;0.10879245;2.0753462;2.2066143
01/07/2011;3.3111274;1.2627281;1.7291642;1.6413741;2.3763971;3.2329726;3.2672427;0.5489262;1.297472;0.48814994;2.2524474;0.7942356;3.4797266;3.9838693
01/08/2011;3.2180026;2.7533808;3.0988894;3.2135406;3.2588785;3.7307143;3.5110972;2.6538837;2.8661108;1.5496294;3.0058482;2.3539364;3.3695614;3.6897101
01/09/2011;2.6049242;3.3870692;3.6194715;3.7577674;3.8658333;4.3212686;3.8750815;1.852653;2.8266468;0.78735685;3.7817423;2.757796;3.6236477;4.014383
01/10/2011;3.5026371;2.8639119;3.0535302;3.2203646;3.7309723;4.241786;3.7934947;1.5105233;1.2915144;0.9195581;2.9178336;1.9239998;4.14122;4.515092
01/11/2011;5.0905123;0.57910246;1.0339501;1.1311425;1.9472712;1.9953437;2.0737233;0.1829043;0.32147533;0.3463533;0.88098276;0.3982899;3.4715695;3.8447185
01/12/2011;6.8427362;0.1843255;0.5354807;0.4990129;1.2607127;0.8856626;1.0493696;0.088455155;0.2522394;0.36343095;0.32853988;0.17695874;2.0784009;2.4279459
01/01/2012;4.675731;0.12033153;0.41365063;0.3296295;1.0250658;0.4850123;0.66354126;0.06520003;0.21504425;0.27859864;0.18710084;0.12327731;1.65255;2.0880494
01/02/2012;3.4598;0.09413529;0.3508581;0.25379938;0.99160707;0.3373036;0.52959377;0.06289128;0.21782237;0.2887519;0.13015419;0.08226093;1.5243404;2.059061
01/03/2012;2.0274408;0.19799732;0.4703747;0.39502698;1.1557331;0.2943361;0.48658344;0.11374429;0.30349568;0.27644542;0.113988295;0.10944437;1.5049707;2.1247463
01/04/2012;1.4379845;0.12527592;0.29042828;0.23395288;0.94154847;0.25524384;0.5097399;0.08327048;0.28327945;0.28995144;0.17857459;0.06283913;1.4084866;1.9719936
01/05/2012;1.3454669;0.06282795;0.2411846;0.18890947;0.8017607;0.86561686;0.83104146;0.06276462;0.27137342;0.2867328;0.18172058;0.051562674;1.4159809;1.9559404
01/06/2012;2.5440156;0.20048209;0.44678336;0.55310595;1.0505543;1.570208;1.4611119;0.0524316;0.5952958;0.2753902;0.78349656;0.056941994;1.9181613;2.1181443
01/07/2012;3.2188148;1.7202226;2.4518213;2.4418776;2.8301477;3.7017548;3.5921736;0.99768114;1.5044185;0.88052356;2.814862;1.2212918;3.2244325;3.6282558
01/08/2012;3.5724304;3.0600624;3.3317096;3.3018458;3.41768;3.7370026;3.5647404;2.435347;2.7862954;1.6682622;3.2372475;2.6051338;3.2434492;3.5478864
01/09/2012;3.0617006;3.3883564;3.5223541;3.444016;3.5044234;3.9068525;3.5283537;2.9602935;2.9903474;2.8402517;3.4611578;2.9585118;3.1632063;3.4496467
01/10/2012;3.1458287;3.6781878;3.8172836;3.9407947;4.026628;4.2510376;4.191651;1.8505929;0.7875515;0.8489629;4.051146;2.9303274;3.8913674;4.246017
01/11/2012;5.412955;1.7963294;1.9097152;2.1923928;2.6394465;3.195149;3.2711272;0.2877824;0.26078337;0.3785016;1.9616317;1.1173254;3.7292354;4.0938287
01/12/2012;7.083852;0.73656255;1.1306415;1.1271639;1.7714845;1.5370259;1.8683699;0.16535074;0.20921975;0.42366982;0.7753186;0.68337846;2.230079;2.557477
01/01/2013;4.6859794;0.44178218;0.7624887;0.69738555;1.2633661;0.8976953;1.1998388;0.08891616;0.17536712;0.29002503;0.44682437;0.41350442;1.6474892;2.0627081
01/02/2013;2.5411844;0.3446024;0.69708;0.5904343;1.2471778;0.7807538;1.0611024;0.07878523;0.18662679;0.26380923;0.34421867;0.34817588;1.6301153;2.1373165
01/03/2013;1.539249;0.23440458;0.5669091;0.46785176;1.1561579;0.5943151;0.91755855;0.066266395;0.21803471;0.26151538;0.22704807;0.23793057;1.5111128;2.030788
01/04/2013;1.595676;0.16063917;0.3994368;0.3160527;0.96765953;0.58833414;0.7933564;0.061439816;0.2362118;0.27955884;0.13910699;0.13625203;1.4025108;1.884642
01/05/2013;1.6234331;0.12153853;0.31461006;0.25182778;0.8651372;0.71485436;0.86279863;0.06487034;0.24781004;0.31592232;0.12484752;0.12697372;1.2727519;1.7214501
01/06/2013;2.942521;0.1230957;0.28448832;0.30693877;0.7952461;1.5630676;0.9280741;0.0587292;0.23782253;0.27872342;0.57289374;0.10023732;1.7773602;1.780469
01/07/2013;3.462337;1.4176806;1.9316292;1.9761761;2.5428216;3.5751414;3.3773043;0.48980677;1.4597075;0.31736958;2.4750652;0.83045197;3.48105;4.0191345
01/08/2013;3.4921207;2.8554153;3.3420491;3.213794;3.392945;3.567502;3.5042958;3.0435157;2.6615076;3.5040007;2.9788194;2.5959005;3.2706606;3.4231079
01/09/2013;2.595134;3.5757143;3.8155997;3.9378834;3.8817554;4.007098;3.6840503;3.404702;1.9645952;3.3877223;3.812425;3.113175;3.481973;3.7761974
01/10/2013;3.132701;3.2496946;3.4974673;3.8462365;3.9092638;4.1329765;3.9543397;1.7153975;0.44582784;0.6261291;3.2706885;2.81021;3.8668392;4.1483727
01/11/2013;4.933916;1.451333;1.7489837;2.0428636;2.427471;2.7257166;2.9606493;0.5902285;0.17483252;0.42516273;0.8543869;1.3967576;3.4262118;3.602244
01/12/2013;4.1258745;0.56917596;0.9704633;1.0255296;1.520684;1.3207886;1.4860667;0.32345766;0.15865546;0.3682822;0.2830727;0.727335;2.09915;2.342524
01/01/2014;2.9233842;0.35008973;0.73249173;0.6739497;1.2396555;0.87780786;0.9622248;0.17724839;0.15687943;0.2632672;0.14482811;0.476446;1.7069327;2.0556645
01/02/2014;3.0727534;0.25368762;0.6397413;0.5239285;1.231729;0.6741742;0.7785037;0.15318859;0.18238184;0.33656693;0.09584986;0.43881124;1.7018523;2.23351
01/03/2014;1.6798228;0.18767175;0.5467655;0.43264592;1.0872754;0.5837595;0.6454103;0.12966059;0.19537844;0.24538022;0.0758525;0.32971147;1.5256424;2.0322752
01/04/2014;1.220815;0.15823635;0.4588878;0.34425968;1.0107067;0.47721806;0.5698921;0.11364091;0.2310695;0.31080282;0.059428625;0.25001353;1.4120303;1.8678381
01/05/2014;1.5487075;0.09752065;0.31660217;0.23197569;0.8479832;1.2063617;1.3543768;0.09561982;0.24322607;0.29301736;0.8374462;0.1858063;1.2778621;1.6799076
01/06/2014;2.1941364;0.14264789;0.25633538;0.36619696;0.8532619;1.7867359;1.312838;0.081081875;0.24248473;0.26279873;0.78901744;0.1716232;2.1379507;2.5414898
01/07/2014;3.347922;1.1355029;1.3411763;1.8559117;1.961764;2.8393147;2.6066554;0.23470727;0.8382723;0.291856;2.645405;0.5080281;3.1544902;3.690659
01/08/2014;2.8524063;2.1548197;2.6387627;2.8579879;2.9434385;3.184543;3.4955003;1.9218558;2.0498233;0.91506636;2.829127;1.6823001;3.2591503;3.6165035
01/09/2014;2.433233;3.3850605;3.5537612;3.784702;3.6871917;3.9605498;3.7804003;2.1186519;1.2885742;1.0250313;3.611993;2.3790812;3.5477402;3.8501332
01/10/2014;2.8717146;2.4620416;3.013962;3.1805224;3.767889;3.60508;3.8972068;0.6661592;0.29163435;0.48287213;3.0002546;1.5378958;3.8231015;4.2121077
01/11/2014;5.4710245;0.42800045;0.8901134;0.94920117;1.6745329;1.6112067;2.437938;0.11373311;0.17343181;0.3118096;0.58682823;0.18064678;3.5680645;3.9433353
01/12/2014;5.475778;0.33403188;0.65177494;0.41558874;1.1638823;0.53445715;1.1219131;0.10306947;0.16764644;0.36244187;0.17369258;0.1526354;2.2560217;2.5757477
01/01/2015;3.7904754;0.10495912;0.3476236;0.2553966;0.87245834;0.32904837;0.65825135;0.05608704;0.15249662;0.27300233;0.101630576;0.074659474;1.7382149;2.14531
01/02/2015;2.2362359;0.08338969;0.29665232;0.20366162;0.8763997;0.24251732;0.5289624;0.088996254;0.18456298;0.26196057;0.06856304;0.07728953;1.595172;2.0758696
01/03/2015;2.0303578;0.07512141;0.26761368;0.1690099;0.80095047;0.2105385;0.44605416;0.05194079;0.19420311;0.29096937;0.05233474;0.09121001;1.5195887;2.0744615
01/04/2015;1.2827553;0.07352792;0.21284074;0.13797218;0.71583784;0.17536105;0.37718704;0.056345947;0.22026059;0.28810465;0.045046676;0.07748976;1.3355436;1.842007
01/05/2015;1.9720458;0.060019083;0.15916303;0.096446835;0.6342521;0.24170056;0.36772713;0.064626336;0.2345629;0.29092935;0.04584063;0.091475435;1.1726832;1.5966753
01/06/2015;2.7601123;0.051253475;0.12201723;0.10331161;0.6106831;0.8976711;0.7882463;0.063428655;0.23352075;0.3088182;0.41981786;0.08352101;1.5061796;1.7088437
01/07/2015;3.3539572;1.0297289;1.3538888;1.4904058;1.8865094;3.2367315;3.2427907;0.95806646;1.2042;0.4127193;2.2789612;0.8629691;3.0347583;3.4504085
01/08/2015;2.9672086;3.057964;3.3154655;3.359263;3.381312;3.6209338;3.5666647;2.872317;2.7719588;2.6502087;3.4816303;2.6255324;3.2526207;3.6841567
01/09/2015;2.6308112;3.3583603;3.6450849;3.5110693;3.6307945;3.8813484;3.5934057;2.606108;2.8396072;1.6972218;3.5486314;2.910206;3.2797856;3.6727338
01/10/2015;2.755124;3.6537461;3.8337233;3.9042776;3.972032;4.2359977;3.8577244;2.0741513;1.3822755;0.7710028;3.807081;3.0261502;3.595111;3.8863552
01/11/2015;5.1932783;2.0867083;2.1760445;2.4770443;2.7365303;3.2850103;3.6983016;0.46912953;0.26118475;0.38629678;1.9341903;1.6381731;3.8673785;4.248324
01/12/2015;4.9195027;0.78063554;1.1208187;1.1108266;1.5844442;1.4838148;1.8126564;0.17959066;0.18817559;0.29289538;0.5946765;0.76748246;2.1645958;2.350106
01/01/2016;3.551796;0.51195824;0.88729894;0.7491577;1.3458514;0.8884445;1.2003081;0.12571923;0.17034915;0.26625955;0.33632013;0.5817963;1.7119944;2.044307
01/02/2016;3.8852804;0.3093304;0.6847726;0.5377922;1.245859;0.6638234;0.9906329;0.096939504;0.18385053;0.35007298;0.2165353;0.40256047;1.6946104;2.1977572
01/03/2016;2.0965078;0.20786375;0.5437937;0.3991872;1.1068648;0.49045122;0.9069638;0.08109119;0.19833726;0.28371438;0.13855472;0.2780324;1.6369094;2.1969192
01/04/2016;1.9364022;0.15874021;0.43116695;0.28615072;0.97267795;0.5745534;0.7351395;0.07506367;0.23247302;0.30804333;0.08721277;0.2074903;1.4227526;1.907032
01/05/2016;1.6641095;0.103918836;0.31159353;0.19860733;0.86533463;0.2849158;0.6172303;0.05782768;0.25495514;0.2928786;0.060780905;0.14027767;1.2916746;1.7620782
01/06/2016;1.8132553;0.08990243;0.22653398;0.23587885;0.69698596;1.7862935;0.6862208;0.06043818;0.23123714;0.2367003;0.26434475;0.13231394;1.3100328;1.6226993
01/07/2016;2.4500675;1.0735178;1.2848405;1.7034839;1.845085;3.1413584;2.376101;0.9917915;1.8149335;0.7787403;1.8666768;0.91005677;2.7736518;3.0661597
01/08/2016;2.7881413;3.1078672;3.3738286;3.4753056;3.5762312;3.8921618;3.6594224;2.1467144;2.2946727;0.8823853;3.5308936;2.6582274;3.3731413;3.794035
01/09/2016;2.4734476;3.5844288;3.707583;3.8327239;3.7745981;4.1115813;3.8840146;3.0272071;2.0382805;2.723813;3.981363;3.0672085;3.3669555;3.5655444
01/10/2016;3.206715;2.7732131;3.16195;3.1510377;3.6258335;4.3758035;4.2008023;0.5258005;0.36415642;0.38410538;3.3011289;2.1314557;4.0969944;4.460587
01/11/2016;5.2526517;0.83852464;1.2589041;1.473804;2.011924;2.5418131;2.8830497;0.14865026;0.19364712;0.37509203;1.5421649;0.8985437;3.3918462;3.7551365
01/12/2016;5.7410784;0.33114198;0.69107115;0.61140954;1.3002399;1.1326131;1.5120888;0.074392185;0.17448795;0.37296396;0.64083093;0.51373243;2.040239;2.417518
01/01/2017;4.0310807;0.19587857;0.48555526;0.3700508;1.033769;0.7010018;1.0182401;0.055676326;0.1536673;0.29867515;0.3844984;0.35251212;1.6885232;2.16664
01/02/2017;2.3075118;0.13696775;0.38465485;0.2658628;0.9279307;0.5356055;0.82850087;0.05015079;0.17196777;0.2517346;0.2850592;0.24694857;1.5507807;2.082471
01/03/2017;1.6877725;0.12082234;0.35257453;0.22741127;0.944227;0.43213928;0.7343423;0.056494027;0.21903217;0.28727856;0.22677891;0.22630021;1.4854726;2.0104823
01/04/2017;1.7192736;0.09370223;0.2712654;0.16639474;0.8781692;0.3392324;0.6644614;0.055775978;0.24484563;0.31739938;0.17113425;0.17534755;1.4128807;2.0071054
01/05/2017;1.5004538;0.0720704;0.17658807;0.1161322;0.66815597;1.3375553;0.70817024;0.048575923;0.230602;0.25047642;0.2356749;0.12253225;1.2949388;1.656658
01/06/2017;2.9340758;0.3110301;0.6701015;0.55902547;1.1743633;2.2281976;1.207456;0.32998157;0.7439368;0.45126584;0.9810766;0.2741711;1.8134537;2.1790125
01/07/2017;2.9803143;1.9610896;2.5926213;3.2587004;3.5411286;4.06768;3.218258;0.46855026;0.78775084;0.31383896;3.024199;0.9454973;3.3780308;3.7563658
01/08/2017;3.012065;2.5937705;2.94442;3.409422;3.4427495;3.6576996;3.5910196;1.473912;1.2318678;0.9562979;3.3925352;1.9449899;3.3911095;3.778331
01/09/2017;2.5991836;3.7973356;3.6241672;4.088145;4.055622;4.290902;4.1951284;1.4727749;1.5213639;0.939928;4.166021;2.7391798;4.0058875;4.384852
01/10/2017;2.5992355;2.70872;2.1355684;3.0853515;3.2711914;4.3361635;4.142516;0.26794615;0.3002314;0.3433181;3.3954391;1.7475756;4.1610913;4.5672755
01/11/2017;5.622931;0.70901215;0.59618336;0.9734081;1.4670221;2.0978675;2.059852;0.05239062;0.16682315;0.32629165;0.99713075;0.4571788;2.9864469;3.3867145
01/12/2017;7.1960797;0.24231988;0.3014682;0.4030671;0.99766535;0.9823451;1.1039274;0.036804937;0.16164966;0.3800178;0.40053204;0.21722168;1.9005909;2.358715
01/01/2018;4.106972;0.15212037;0.22529252;0.25196373;0.80407315;0.6193295;0.71006083;0.0339197;0.14807284;0.2842024;0.2387883;0.152139;1.5068799;2.0312183
01/02/2018;2.3677423;0.11857692;0.20892453;0.18844567;0.75109863;0.4575867;0.56402105;0.076469034;0.16102475;0.22245757;0.18056947;0.12029894;1.344203;1.8705195
01/03/2018;1.6976558;0.10404829;0.18872693;0.16236958;0.80264264;0.40593928;0.544454;0.046316534;0.20959228;0.31294954;0.13443735;0.12466684;1.3523251;1.9926643
01/04/2018;1.5013516;0.07178448;0.1370497;0.10494422;0.7046582;0.3203647;0.47941133;0.04563015;0.22727904;0.30775368;0.09373389;0.08791778;1.251135;1.8920535
01/05/2018;1.7728136;0.050118193;0.106079504;0.07381011;0.60616064;0.31629765;0.4454134;0.0410676;0.23876223;0.29564464;0.07254537;0.073645264;1.1170367;1.660592
01/06/2018;1.3855547;0.10090787;0.15614647;0.29713845;0.7041181;1.2566391;1.3401117;0.04861597;0.23569167;0.27370638;0.59671885;0.097891316;1.2912676;1.670355
01/07/2018;2.6128814;1.4311336;1.8488029;2.5468142;2.63313;3.4282413;3.3351622;0.19094534;1.0636095;0.27555412;2.7536983;0.5417373;3.2468383;3.6342638
01/08/2018;2.7497635;2.0224164;2.5022376;3.223895;3.1694722;3.4472103;3.5047493;0.73483306;1.2154151;0.46838447;3.514886;0.8527776;3.2363534;3.596235
01/09/2018;1.9686483;3.460331;3.544206;3.730433;3.6790614;3.8793142;3.563877;2.7357097;1.8278975;1.6737497;3.5501895;2.9481742;3.3178506;3.66522
01/10/2018;2.8237364;2.3524547;2.3463714;3.0634654;2.9335096;4.1780453;4.142036;0.8396283;0.39547867;0.5203737;3.4671788;1.8629124;4.0704365;4.43726
01/11/2018;3.4847333;0.6195279;0.75770915;1.3763821;1.5241895;3.0097737;3.0267258;0.10149181;0.17897785;0.3019832;1.5416006;0.4405817;3.4019156;3.4987462
01/12/2018;3.881067;0.2518436;0.42284188;0.6480701;1.0165162;1.6055461;1.8010103;0.05177781;0.16007386;0.30517578;0.6609792;0.24321768;2.0155003;2.3113666
01/01/2019;3.7371442;0.1388928;0.28111693;0.36702305;0.78466815;1.043872;1.2959428;0.03689155;0.14325231;0.2575526;0.35872963;0.14884862;1.6387208;2.0482588
01/02/2019;3.4015439;0.10061171;0.2353508;0.2808841;0.79349893;0.92447174;1.2073945;0.036527403;0.18251407;0.31324103;0.25457704;0.12817886;1.6099168;2.1472936
01/03/2019;2.2346005;0.076239;0.17563254;0.20218268;0.6938381;0.7958524;1.1010011;0.06230455;0.17780066;0.27278438;0.1758607;0.10937452;1.5038112;2.0750213
01/04/2019;1.5556514;0.062675215;0.14510192;0.15237601;0.70230895;0.7353397;1.0707425;0.052302144;0.22068201;0.3073425;0.15389407;0.06683264;1.4228318;2.038648
01/05/2019;1.5583075;0.05171448;0.102813356;0.11072401;0.5724402;0.73488337;0.9230301;0.045483;0.23684464;0.29080176;0.11225417;0.07046014;1.2848834;1.728042
01/06/2019;1.7571747;0.041156076;0.08235779;0.06889459;0.5233791;0.9122221;0.89059865;0.04539732;0.23232028;0.29807445;0.23878552;0.066872686;1.043532;1.4579277
01/07/2019;2.9019601;0.23775268;0.3130706;0.97576904;0.9125732;3.1649628;3.2581072;0.04979875;0.7079989;0.28028154;2.7180958;0.07224083;2.8777905;2.9093866
01/08/2019;2.7424283;1.2796624;1.5656091;2.0531156;2.0568557;3.8027894;3.4539626;0.99824184;1.9780034;1.200473;2.7980115;0.9152517;3.199839;3.6548088
01/09/2019;2.6962943;3.508497;3.72078;3.836264;3.7772534;4.169897;3.819855;2.605877;2.6921425;1.4108847;3.8929172;2.8065257;3.4898677;3.7605195
01/10/2019;3.1352415;3.3213449;3.2521021;3.3490863;3.6714869;4.372454;4.1370893;1.5693204;0.5960567;1.244992;3.795864;2.7489598;3.9048932;4.196386
01/11/2019;4.7472715;1.1983551;1.4189873;1.4455281;1.9980054;3.25871;3.039185;0.20822418;0.20046718;0.3267387;1.7240988;1.035735;3.5453103;3.764567
01/12/2019;4.447594;0.37779194;0.72573406;0.6261282;1.1951132;1.9379314;1.8305407;0.08569285;0.17536896;0.30171034;0.7396024;0.42222813;2.0998287;2.3493142
01/01/2020;5.6250205;0.20961463;0.48737043;0.35301036;0.9398451;1.2770369;1.2478707;0.057007186;0.16066618;0.31361356;0.38527697;0.28607157;1.7246269;2.1342895
01/02/2020;3.6899896;0.16451068;0.44960344;0.28374606;0.9509586;1.1704909;1.1061178;0.053557567;0.1961533;0.30517298;0.29242504;0.2535945;1.6306834;2.1515841
01/03/2020;2.3685434;0.09843614;0.3153244;0.18986873;0.8172365;1.0114796;1.0088748;0.048414804;0.19930395;0.30799025;0.19912142;0.16140285;1.5762895;2.1111379
01/04/2020;0.9940788;0.06812625;0.22026059;0.1338683;0.7627774;0.8363668;0.88742006;0.0476595;0.23783743;0.31304824;0.18348172;0.0954764;1.4124103;1.9460181
01/05/2020;1.6264952;0.04355237;0.15200488;0.092905946;0.5999366;0.7041814;0.7544579;0.047837384;0.24361444;0.29177684;0.12023281;0.08296501;1.2220713;1.6464787
01/06/2020;1.5570931;0.1149131;0.16676262;0.3380878;0.66172516;2.0054457;2.0852304;0.048980117;0.2572881;0.25726017;1.9301689;0.06690994;2.0118692;2.5112257
01/07/2020;3.325049;1.4222125;1.8643607;2.5494657;2.460707;3.5617678;3.3357153;1.5606228;1.6537467;0.8711312;2.9466822;1.1420883;3.132035;3.3616872
01/08/2020;3.3463538;2.7813344;3.1672726;3.3428707;3.3402882;3.8949978;3.642193;2.333385;1.8148087;1.8063215;3.1853802;2.4328437;3.257093;3.5593948
01/09/2020;3.5667942;3.4125;3.5624876;3.6314158;3.608319;3.8730083;3.7317407;3.2001772;3.552394;3.2256413;3.6506252;2.9070294;3.3462682;3.5504224
01/10/2020;3.2038352;3.5166218;3.7529497;3.828952;4.0002513;4.5681663;4.392528;1.5002117;1.5922059;0.7525608;4.222694;2.560595;3.956588;4.31112
01/11/2020;5.33469;1.5264554;1.8911743;1.926885;2.3648887;3.1426196;3.3020265;0.41835847;0.32813755;0.40361285;2.4014869;1.095186;3.1481526;3.6093554
01/12/2020;5.33133;0.54458994;1.0025976;0.9234324;1.4749784;1.8238462;2.0934987;0.19889884;0.22005382;0.3100112;1.2620054;0.46883243;1.8872684;2.2484596
01/01/2021;3.471069;0.32566488;0.7529464;0.58320445;1.2442526;1.2580538;1.6240253;0.14354008;0.21662098;0.34101215;0.7768106;0.37316418;1.6436865;2.0911303
01/02/2021;2.4547615;0.2270816;0.63701624;0.44420362;1.1233436;1.0935161;1.3630502;0.123156235;0.20099804;0.28092134;0.5941782;0.28132463;1.514555;2.0414758
01/03/2021;1.991503;0.15743914;0.5287891;0.34230295;1.0309405;0.9726491;1.2547411;0.102122314;0.22552443;0.28293207;0.47886187;0.19854587;1.4365203;2.0256584
01/04/2021;1.7001219;0.12053922;0.43886435;0.2684584;0.92928016;0.83477426;1.1597061;0.089130364;0.2715783;0.31333977;0.38790795;0.1499066;1.3442616;1.8534837
01/05/2021;1.0772347;0.07841736;0.31636655;0.18331128;0.76994395;0.7010884;1.0079015;0.07465668;0.2715653;0.2805367;0.29517338;0.11166744;1.198166;1.6596578
01/06/2021;1.9173473;0.2734065;0.6220993;0.56028366;1.0427134;1.6279826;1.7589033;0.28424802;0.33266935;0.27430338;0.9422759;0.26289093;1.8678745;2.3690007
01/07/2021;3.7888997;0.28830487;0.80704504;1.0666559;1.4102422;2.0976012;2.4278843;0.081039965;0.5828822;0.28350765;1.6228687;0.1683645;3.3895104;3.9418788
01/08/2021;2.8748474;2.998028;3.3020153;3.5471375;3.5055187;3.7684162;3.5606847;2.568259;3.997541;1.946942;3.691432;2.5097513;3.3268387;3.7026787
01/09/2021;2.8312132;3.5217144;3.8402379;4.0968666;4.00686;4.368781;4.247267;2.462413;2.1788728;1.0180371;4.096005;3.002122;3.9549031;4.2036147
01/10/2021;3.4887717;1.525132;2.6520436;3.3355336;3.5523605;4.096657;4.188995;0.38413423;0.5453592;0.37049317;2.7969432;1.170449;3.848522;4.084767
01/11/2021;4.6594253;0.48613176;1.3840748;1.6604979;2.337721;2.3856015;2.7480443;0.13302359;0.26766863;0.34195;1.0858523;0.39234385;3.6401813;3.889949
01/12/2021;4.596945;0.17703977;0.6652018;0.8246312;1.3766391;1.0043783;1.5200032;0.087904744;0.22158213;0.34484082;0.49626827;0.22537261;2.1391222;2.3862607
01/01/2022;4.1989985;0.10744948;0.4807031;0.5196873;1.1069943;0.5810279;0.9963503;0.062674284;0.20214356;0.28813165;0.29921904;0.15041977;1.7264019;2.068826
01/02/2022;3.758598;0.07758848;0.3956938;0.38361365;1.0238615;0.43747482;0.80777144;0.052400865;0.20897388;0.31908974;0.21722727;0.118593685;1.6184579;2.0937865
01/03/2022;1.5894585;0.060781837;0.3146669;0.29132608;0.91616064;0.3701616;0.7547084;0.05203206;0.22382289;0.29216707;0.18286705;0.08660089;1.5163124;2.045735
01/04/2022;1.4564469;0.05709473;0.26019382;0.23497455;0.84965956;0.30017084;0.6588148;0.053505413;0.2631899;0.29097405;0.14902651;0.06424636;1.3668752;1.9080043
01/05/2022;1.1789017;0.079695135;0.2909219;0.37685966;0.83169806;0.69333893;0.9672092;0.064766966;0.3840588;0.27554947;0.530405;0.06806571;1.5226007;2.0239305
01/06/2022;2.225265;0.75517875;1.3432698;1.6004527;1.9169189;2.4601471;2.2372344;0.8920888;0.8080592;0.7194113;1.5837606;0.63360107;2.615125;3.0623786
01/07/2022;3.451258;1.1182278;1.6917493;1.9733691;2.2771041;2.8295722;3.0012765;0.84964836;1.4094273;1.0217829;2.0066817;0.85783285;3.295256;3.675594
01/08/2022;3.5724752;2.8249416;3.3580353;3.2888315;3.4862943;3.6507323;3.338308;2.274478;2.8707628;2.2836077;3.0607786;2.380806;3.13586;3.4342985
01/09/2022;3.1345525;1.6101673;1.6927463;1.6842461;1.7163734;1.8851674;1.7601964;1.4075236;1.1631064;1.669615;1.7007701;1.3771751;1.6190046;1.704358
01/10/2022;2.9327087;1.4589429;1.7036088;1.8412498;1.8841554;2.1202812;2.009662;0.64630944;0.43403542;0.48628217;1.735155;1.1619669;1.8627983;1.9914694
01/11/2022;5.494531;0.59657407;0.82720536;1.0203505;1.2286044;1.3584234;1.5220935;0.11649262;0.13458356;0.23605767;0.5368879;0.5082376;1.5461305;1.6746545
01/12/2022;4.4347157;0.21996862;0.43302867;0.5017701;0.7448564;0.638973;0.83913046;0.08126162;0.10880269;0.20064041;0.21951646;0.2520415;0.9553065;1.1475291
01/01/2023;3.5375504;0.12519723;0.29674593;0.3085318;0.6111627;0.39280626;0.58436394;0.04597567;0.09677559;0.1763655;0.11639297;0.16750163;0.81965935;1.067536
01/02/2023;2.5722609;0.08345349;0.24107285;0.23698342;0.55810994;0.30734438;0.4507387;0.028514303;0.10118215;0.14765933;0.07767882;0.11031003;0.7606233;1.0388782
01/03/2023;1.1877083;0.06677117;0.21991087;0.19243686;0.51690775;0.22591278;0.3850716;0.033159275;0.11765491;0.13219519;0.051426236;0.116798095;0.69400805;0.9567002
01/04/2023;1.2420155;0.04266249;0.15946059;0.13549718;0.48211265;0.18869294;0.35046506;0.027418137;0.13344875;0.15961333;0.036640093;0.0761929;0.6746966;0.96956265
01/05/2023;2.5797114;0.032123644;0.11851965;0.094110146;0.3920067;0.17641298;0.3170492;0.026192982;0.13451092;0.1579593;0.028838404;0.051665585;0.58185446;0.80691415
01/06/2023;2.7023592;0.035300385;0.08922303;0.0895923;0.34756774;0.5578622;0.7492588;0.031067058;0.14090306;0.14617574;0.42894018;0.041823834;1.0141609;1.2241238
01/07/2023;3.1715817;0.4682252;0.716222;0.6932206;0.900561;1.4674878;1.5062062;0.49232692;0.4440751;0.4000431;1.4173528;0.5004471;1.5779216;1.8146187
01/08/2023;3.544107;1.229356;1.4943815;1.3048378;1.5062504;1.8417528;1.6575023;0.93202245;1.0326053;0.8382667;1.6229227;1.166169;1.5897924;1.6937876
01/09/2023;3.0272155;1.6693268;1.7561685;1.8536774;1.8423349;2.0913742;1.9843662;1.2938632;0.48495364;0.98250574;1.9008219;1.5019672;1.7873119;1.9286307
01/10/2023;3.2627099;1.064443;1.4296379;1.4290712;1.6703941;1.9295714;1.843589;0.29206416;0.10488695;0.21461862;0.784222;1.0006931;1.9647945;2.0579934
01/11/2023;5.204309;0.27304375;0.5466412;0.49065238;0.86720705;1.0298715;1.0016891;0.07770164;0.09960309;0.18095365;0.15097344;0.4600361;1.6047195;1.7441841
01/12/2023;5.845379;0.09001373;0.27061814;0.21044445;0.55997914;0.4411228;0.43808064;0.039885286;0.09185821;0.18544728;0.055610668;0.22476307;1.0093031;1.1540791
