date,Dakar_yoff,Diourbel,Fatick,Kaffirine,Kaolak,Kedougou,Kolda,Louga,Matam,Stlouis,Tamba,Thies,Sediou,Ziguinchor
1/1/2000,20.779694,24.37149,24.603912,26.248444,25.379303,27.953522,28.455475,24.357819,26.375397,21.336334,28.162506,23.117584,26.642975,26.867584
2/1/2000,20.893707,25.405426,25.493317,26.944489,26.233551,27.684723,28.83902,25.354645,27.77652,22.18277,28.83316,24.25113,26.880035,27.350739
3/1/2000,21.74112,27.383698,27.346588,29.200104,28.090729,31.202057,31.213776,27.129791,32.352448,22.942291,32.25479,25.202057,28.942291,28.627838
4/1/2000,21.808502,28.490143,28.005768,30.308502,29.23233,32.849518,32.898346,28.017487,35.662018,22.634674,34.28897,25.17569,29.74405,28.8378
5/1/2000,21.599762,25.988434,26.39273,28.882965,27.40445,33.269684,33.025543,25.04898,35.537262,21.464996,34.156403,23.381012,29.39273,28.359528
6/1/2000,24.4357,27.701324,27.504059,28.853668,28.226715,28.947418,30.951324,26.797028,33.58609,24.259918,32.351715,26.177887,28.672028,28.412262
7/1/2000,25.89444,27.755768,27.746002,28.027252,27.912018,26.527252,27.57022,27.531158,30.66983,25.99405,29.10147,26.97647,26.82022,26.86319
8/1/2000,27.287994,27.498932,27.629791,27.207916,27.36612,25.676666,26.395416,27.662994,29.164948,27.623932,27.133698,27.387604,26.2294,26.342682
9/1/2000,27.568268,27.710846,27.845612,27.527252,27.624908,26.17569,26.865143,28.41983,30.662018,28.154205,27.60733,27.761627,26.89444,27.017487
10/1/2000,27.158966,27.1492,27.360138,27.221466,27.174591,26.532013,27.278107,27.887482,29.670685,27.24295,28.188263,27.432404,27.477325,27.574982
11/1/2000,25.940948,26.720245,26.456573,27.112823,26.974152,25.98587,26.300323,27.505402,28.909698,25.989777,28.714386,26.665558,26.57962,26.995636
12/1/2000,23.478424,24.497955,24.111237,25.109283,25.148346,25.204987,25.384674,24.984283,26.453033,23.251862,27.079987,24.146393,24.828033,25.57608
1/1/2001,21.421783,24.027252,23.80655,24.82022,24.742096,25.679596,26.130768,24.699127,25.935455,21.974518,27.167877,23.329987,25.30069,25.753815
2/1/2001,21.116364,26.540192,26.159332,27.02066,27.08902,28.067535,29.243317,26.780426,27.952301,22.924957,29.70816,25.061676,27.223785,27.462067
3/1/2001,21.274078,27.555328,27.158844,28.445953,28.317047,31.401031,31.170563,27.217438,31.85025,22.623688,31.93814,24.795563,28.451813,28.166656
4/1/2001,21.02945,27.289215,27.166168,29.375153,28.474762,32.902496,32.125153,26.410309,33.576324,21.740387,33.44937,24.127106,29.009918,28.521637
5/1/2001,22.379059,27.769684,27.533356,29.691559,29.02359,33.3107,32.84195,26.593903,35.349762,22.76773,34.08609,24.527496,29.634918,28.759918
6/1/2001,24.77774,28.365631,27.748444,29.369537,28.828522,28.896881,29.988678,27.365631,33.717194,25.197662,31.670319,26.510162,28.293365,28.115631
7/1/2001,26.691559,27.95523,27.806793,27.734528,27.73648,26.781403,27.230621,28.289215,30.972809,27.088043,28.197418,27.4357,26.695465,26.77945
8/1/2001,27.386627,27.949127,27.986237,27.7128,27.742096,26.685455,27.2128,28.4003,30.896393,27.849518,28.079987,27.841705,26.915924,27.005768
9/1/2001,27.70816,27.579254,27.848785,27.600739,27.616364,26.298004,26.90738,28.159332,30.260895,28.15152,27.65152,27.587067,26.741364,26.880035
10/1/2001,28.071686,28.835358,28.876373,29.27481,29.206451,27.417389,28.481842,29.569733,32.34903,28.731842,30.714264,28.417389,28.018951,28.08731
11/1/2001,27.030792,27.128448,27.263214,27.962433,28.063995,27.80423,28.687042,27.706573,30.134308,26.89212,29.823761,26.849152,27.759308,27.67923
12/1/2001,25.672028,26.238434,26.224762,26.96695,26.95523,27.425934,27.99234,27.000153,28.543121,25.86148,28.320465,26.213043,27.099762,27.39859
1/1/2002,22.210358,23.472076,23.987701,25.542389,24.823639,27.09903,28.083405,23.235748,25.585358,21.96817,27.917389,23.647858,26.188873,26.054108
2/1/2002,21.433014,24.83731,25.481842,27.011139,26.776764,29.304108,29.977936,25.450592,28.22403,22.673248,29.89981,24.24356,27.335358,27.548248
3/1/2002,20.15152,25.34488,25.792145,27.948395,27.321442,32.048004,31.874176,25.514801,30.622223,21.542145,32.122223,23.549957,28.534332,28.075348
4/1/2002,19.903229,25.801666,26.344635,28.73526,27.881744,33.19034,32.91104,25.49112,32.1669,20.981354,33.46768,23.293854,28.786041,28.32315
5/1/2002,21.372711,27.01529,26.991852,29.82779,28.845367,33.761383,33.718414,27.10904,35.62857,22.394196,34.851227,24.653961,29.411774,28.470367
6/1/2002,24.458405,28.163483,28.02481,29.74942,29.261139,29.563873,31.007233,27.626373,34.44864,24.845123,32.444733,26.698639,28.78067,28.419342
7/1/2002,26.223053,28.66446,28.816803,29.668365,29.416412,28.029694,28.490631,28.238678,33.342194,26.271881,30.28946,27.769928,27.857819,27.9711
8/1/2002,27.170563,28.16275,28.236969,28.496735,28.465485,26.717438,27.428375,28.371735,31.660797,27.492828,28.641266,27.834625,27.067047,27.291656
9/1/2002,27.55191,28.225739,28.286285,28.311676,28.28238,26.70816,27.423004,28.348785,31.93277,28.018707,28.321442,28.03238,27.133942,27.237457
10/1/2002,27.562408,28.16397,28.492096,28.597565,28.435455,27.48819,28.249908,28.755768,32.466705,27.720612,30.312408,27.923737,27.511627,27.6503
11/1/2002,26.434113,26.592316,27.1763,27.523956,27.047394,28.346222,28.65091,27.598175,30.428253,25.887238,29.486847,26.314972,27.367706,27.547394
12/1/2002,24.37149,25.160553,26.00235,26.260162,26.12149,26.38321,27.656647,26.088287,27.512115,24.119537,27.80899,25.15274,26.275787,27.0961
1/1/2003,21.009918,23.541168,24.195465,24.537262,24.386871,26.584137,27.05484,24.240387,25.037262,21.427887,27.129059,22.96109,25.578278,25.709137
2/1/2003,19.121246,23.855621,24.709137,25.80484,25.285309,29.656403,29.49234,23.668121,28.355621,19.8107,29.879059,21.86148,26.843903,26.58023
3/1/2003,20.586334,26.822662,27.451569,28.762115,28.03946,32.416412,32.20352,26.797272,32.293365,21.892975,33.00821,24.404694,28.795319,28.687897
4/1/2003,20.357086,27.357086,27.476227,29.81607,28.587555,34.15982,33.638336,27.052399,34.495758,21.632477,34.527008,24.095367,29.462555,28.712555
5/1/2003,22.668365,26.994537,27.076569,29.068756,28.240631,34.05899,33.08438,26.775787,35.90274,23.025787,34.111725,24.762115,29.250397,28.365631
6/1/2003,24.064117,27.714508,27.528961,29.31607,28.579742,29.230133,30.825836,26.75943,33.84146,24.177399,32.068024,25.929352,29.235992,28.812164
7/1/2003,26.2211,28.25235,28.021881,27.793365,28.057037,26.2836,26.844147,27.949615,31.766022,26.297272,28.031647,27.285553,26.478912,26.625397
8/1/2003,27.19693,28.142242,27.97232,27.466461,27.76529,26.032867,26.460602,28.45279,29.636383,27.573883,26.999664,27.75357,26.601227,26.792633
9/1/2003,27.423004,27.622223,27.889801,27.516754,27.608551,26.356598,26.979645,28.128082,29.348785,28.046051,27.413239,27.67691,27.053864,27.174957
10/1/2003,27.53482,28.235992,28.476227,28.530914,28.456696,27.331696,27.913727,28.527008,31.355133,27.777008,28.976227,28.06607,27.92154,28.052399
11/1/2003,25.798615,26.671661,27.02713,27.642365,27.292755,27.267365,27.534943,27.034943,30.572052,25.421661,29.08377,26.310333,27.312286,27.632599
12/1/2003,24.225494,24.151276,24.727448,25.020416,24.743073,26.727448,25.987213,25.161041,26.577057,23.793854,26.912994,24.377838,25.598541,26.399323
1/1/2004,21.547394,23.297394,23.971222,24.246613,24.002472,26.518097,25.914581,24.117706,25.584503,21.643097,26.740753,22.83255,25.111847,25.760284
2/1/2004,20.766022,24.37735,25.242584,26.301178,25.742584,29.353912,28.869537,24.168365,28.935944,21.228912,29.842194,22.990631,26.830475,26.961334
3/1/2004,20.723053,26.369537,27.0961,28.037506,27.531647,31.535553,30.734772,26.318756,30.78946,22.146881,31.744537,24.562897,28.387115,28.324615
4/1/2004,21.038727,25.620758,26.396149,28.058258,27.03482,33.808258,32.673492,24.814117,34.093414,20.843414,33.800446,23.06607,28.782867,28.011383
5/1/2004,21.558258,27.444977,27.700836,29.26529,28.374664,33.5231,32.950836,27.081696,36.04068,22.130524,34.075836,24.548492,29.187164,28.45279
6/1/2004,24.370514,28.106842,28.007233,29.401764,28.872467,29.376373,30.169342,27.372467,34.60489,24.384186,31.683014,26.489655,28.516998,28.323639
7/1/2004,25.912018,28.085846,27.902252,28.04483,28.023346,26.503815,27.04483,28.009674,31.4003,26.17569,28.371002,27.470612,26.718658,26.812408
8/1/2004,26.80606,27.915436,27.862701,27.583405,27.747467,26.546295,26.977936,28.220123,30.829498,27.390045,27.591217,27.739655,26.823639,26.91153
9/1/2004,27.383698,27.975494,28.07315,27.8544,27.989166,26.539948,26.971588,28.82901,31.627838,28.024323,27.82901,27.957916,27.157135,27.299713
10/1/2004,27.728912,29.41446,29.197662,29.361725,29.432037,28.078522,28.332428,29.435944,33.25235,28.021881,30.394928,28.490631,28.201569,28.437897
11/1/2004,26.445953,27.582672,27.840485,27.891266,27.860016,28.274078,27.936188,27.926422,30.684235,26.588531,29.623688,27.117828,27.549469,27.947906
12/1/2004,23.435944,24.771881,25.15274,25.603912,25.40274,27.723053,26.857819,24.916412,28.010162,23.447662,27.8461,24.021881,26.361725,26.963287
1/1/2005,21.354156,23.404938,23.76236,24.166656,24.018219,26.463531,26.227203,24.111969,25.541656,22.06314,26.373688,23.217438,24.922516,25.627594
2/1/2005,19.314117,23.669586,24.257477,26.360992,25.212555,29.743805,29.866852,22.743805,27.030914,19.568024,29.683258,21.585602,27.45279,27.31607
3/1/2005,20.766022,26.6586,27.162506,29.463287,28.170319,32.293365,32.260162,26.572662,31.588287,22.13321,32.863678,24.379303,29.4711,28.973053
4/1/2005,21.816803,27.232819,27.65274,29.685944,28.555084,33.367584,33.29727,26.578522,34.793365,22.236725,34.23477,24.387115,29.4711,28.576569
5/1/2005,24.678864,28.749176,28.661285,30.612457,29.68863,32.10269,33.075348,27.923004,35.387848,24.299957,34.6398,26.848785,30.467926,29.924957
6/1/2005,26.10733,28.886627,29.097565,30.36905,29.691315,29.36319,30.884674,28.134674,34.00772,26.052643,32.79483,27.521393,29.703033,29.628815
7/1/2005,27.082184,28.293121,28.36734,28.402496,28.478668,27.269684,27.601715,28.08023,31.490387,27.256012,28.609528,27.785309,27.20523,27.238434
8/1/2005,27.497711,27.835602,27.966461,27.56607,27.693024,26.57779,27.01529,28.048492,30.652008,27.902008,27.73404,27.730133,26.872711,26.985992
9/1/2005,27.833405,28.00528,28.233795,27.93106,28.013092,26.673248,27.200592,28.589264,30.753326,28.52481,27.886139,28.03067,27.378326,27.552155
10/1/2005,28.196686,29.085358,29.31192,29.038483,29.143951,27.763092,27.97403,30.069733,31.966217,28.808014,29.577545,28.827545,27.964264,28.073639
11/1/2005,27.192413,26.999054,27.864288,27.620148,27.733429,28.342804,27.678741,27.90921,30.491241,26.831085,28.842804,27.077179,27.739288,28.02835
12/1/2005,25.264923,25.854767,26.345001,26.460236,26.51297,27.526642,27.052032,26.76883,28.739532,25.298126,28.141876,25.91922,26.776642,27.528595
1/1/2006,20.51236,23.016266,23.6315,24.28189,23.959625,26.10611,26.358063,23.268219,24.160797,20.82486,26.184235,22.207672,25.194,25.760406
2/1/2006,19.842682,24.27237,24.688385,25.893463,25.231354,28.967682,28.86612,24.67276,26.780182,20.993073,28.506744,23.121979,26.623932,27.176666
3/1/2006,20.507233,27.300201,27.208405,28.440826,28.040436,31.501373,31.632233,27.688873,31.81778,22.145905,32.239655,25.091217,28.577545,28.25528
4/1/2006,21.58194,26.429596,27.08194,28.804596,27.880768,33.57022,32.7128,25.568268,34.5878,21.496002,33.896393,23.835846,29.392487,28.689362
5/1/2006,22.113678,27.010162,27.250397,29.084381,28.131256,32.03946,32.45157,26.254303,34.99649,22.15274,33.8461,24.516022,29.46524,28.857819
6/1/2006,24.999908,28.79483,28.574127,29.814362,29.35733,29.240143,30.61319,28.292877,34.634674,25.349518,32.324127,27.079987,28.954987,28.697174
7/1/2006,26.597076,28.720123,28.663483,29.225983,29.00528,27.882233,28.446686,28.456451,32.25528,26.89981,30.059967,27.929108,27.546295,27.645905
8/1/2006,27.540192,28.02066,28.135895,27.798004,27.885895,26.653473,27.034332,28.64566,31.024567,27.909332,28.016754,28.048004,26.987457,27.040192
9/1/2006,27.946442,27.893707,27.99527,27.65738,27.743317,26.665192,26.96988,28.31363,30.223785,28.266754,27.934723,27.856598,26.821442,26.883942
10/1/2006,28.075836,28.982086,28.814117,28.89029,28.919586,27.898102,28.491852,29.556305,33.87271,28.396149,30.771149,28.460602,28.025055,28.157867
11/1/2006,27.317902,27.532745,27.651886,27.876495,27.720245,28.081573,28.120636,28.563995,30.59134,27.26712,29.728058,27.450714,27.577667,27.884308
12/1/2006,23.406525,24.176056,24.006134,24.246368,24.310822,25.594025,25.881134,24.801056,25.611603,23.226837,26.570587,23.875275,24.426056,24.939728
1/1/2007,21.832672,24.393219,24.242828,24.694,24.768219,26.459625,27.233063,24.596344,26.252594,22.178375,27.479156,23.651031,24.990875,25.60611
2/1/2007,21.545807,26.182526,25.996979,26.495026,26.600494,28.54776,29.377838,26.686432,28.817291,23.305573,29.748932,24.987213,27.207916,27.627838
3/1/2007,21.320953,27.79361,27.570953,28.76236,28.465485,31.274078,31.785797,27.44986,31.053375,22.883453,32.48697,25.3815,28.65689,28.570953
4/1/2007,20.777496,27.187653,27.041168,28.638824,27.89859,33.35562,33.412262,26.20523,33.877106,21.64273,34.037262,24.009918,28.990387,28.390778
5/1/2007,22.037018,28.472565,27.7753,29.324127,28.597565,33.154205,34.079987,28.072174,35.83194,23.247955,34.921783,25.591705,30.001862,29.091705
6/1/2007,23.301666,28.026276,27.342682,28.977448,28.346588,30.49112,32.0419,27.205963,34.674713,23.651276,32.688385,25.80362,29.375885,28.69815
7/1/2007,25.508942,28.256989,27.856598,28.671051,28.309723,27.419098,28.329254,27.924957,32.153473,25.569489,29.483551,27.225739,27.62027,27.548004
8/1/2007,26.397614,27.65152,27.678864,27.602692,27.628082,26.403473,26.878082,27.727692,29.393707,26.803864,27.477692,27.258942,26.698395,26.774567
9/1/2007,27.24356,27.577545,27.84317,27.694733,27.716217,26.569733,27.132233,28.163483,30.165436,27.825592,27.784576,27.438873,26.866608,26.940826
10/1/2007,27.39737,28.483307,28.713776,29.127838,29.000885,27.680573,28.786041,29.190338,32.82315,27.590729,30.446198,27.977448,28.037994,28.080963
11/1/2007,26.345367,26.79068,27.161774,27.50943,27.400055,27.556305,28.01529,27.667633,29.614899,26.364899,28.528961,26.593414,27.099274,27.241852
12/1/2007,22.985382,23.963898,24.254913,24.897491,24.702179,26.104523,26.961945,24.711945,26.110382,22.999054,26.780304,23.518585,25.268585,25.94046
1/1/2008,22.036652,23.638214,23.513214,24.263214,23.909698,25.108917,26.187042,24.29837,24.087433,22.552277,25.995636,23.513214,24.749542,25.362823
2/1/2008,22.021149,26.054352,26.081696,27.255524,26.73404,29.107086,29.099274,26.089508,29.40982,22.989899,30.017242,24.470367,27.411774,27.720367
3/1/2008,22.007233,27.25528,27.159576,28.350983,27.819733,31.319733,31.429108,27.304108,32.397858,23.31778,32.421295,25.151764,28.632233,28.278717
4/1/2008,21.682526,27.696198,27.233307,28.955963,28.223541,33.01065,32.17862,27.711823,34.930573,22.686432,33.518463,24.889557,29.23526,28.159088
5/1/2008,23.180328,28.463531,28.254547,29.842438,28.98111,32.442047,32.977203,28.299469,35.25064,23.596344,34.416656,25.615875,30.295563,29.445953
6/1/2008,25.086823,28.936432,28.82901,29.95987,29.537994,29.612213,30.327057,28.493073,34.19229,25.508698,31.393463,27.100494,29.182526,28.721588
7/1/2008,26.808502,28.021393,27.783112,27.66983,27.724518,26.58194,27.16983,28.38272,30.38858,27.07022,27.761627,27.496002,26.835846,26.859283
8/1/2008,26.8107,27.71109,27.615387,27.160309,27.353668,26.05484,26.593903,28.197418,29.795074,27.312653,27.033356,27.578278,26.480621,26.476715
9/1/2008,27.645905,27.934967,28.196686,27.87442,27.93692,26.434967,26.985748,28.454498,31.62442,28.278717,27.49942,27.88028,27.09317,27.290436
10/1/2008,27.316803,28.18399,28.06485,28.168365,28.043365,26.969147,27.687897,28.799225,32.31485,27.656647,28.678131,27.853912,27.672272,27.805084
11/1/2008,25.159088,27.545807,27.153229,27.77237,27.627838,27.534088,27.914948,28.155182,30.500885,25.752838,28.700104,26.38565,27.64151,27.92862
12/1/2008,22.76004,24.631134,24.314728,25.117462,24.933868,26.334259,26.396759,24.701447,26.562775,22.582306,27.181915,23.314728,25.26004,25.928009
1/1/2009,20.040314,22.438751,22.335236,23.098907,22.837189,24.173126,25.077423,22.530548,23.682892,20.436798,25.022736,21.493439,23.774689,24.052032
2/1/2009,18.517242,23.237946,23.292633,25.150055,24.37857,28.700836,28.800446,22.382477,27.710602,19.107086,29.069977,20.685211,26.005524,25.814117
3/1/2009,19.00064,24.674469,24.869781,27.326813,26.076813,31.553375,31.647125,23.46939,30.680328,19.807281,32.13736,21.619781,27.97525,27.539703
4/1/2009,20.057037,27.242584,26.973053,29.22696,28.07071,32.767975,32.668365,26.84024,33.79727,21.697662,33.941803,24.006256,28.717194,28.213287
5/1/2009,21.967438,27.815094,27.13736,29.35611,28.527985,32.50064,32.902985,27.260406,36.260406,22.838531,34.192047,24.717438,29.235016,28.00064
6/1/2009,24.599762,28.939606,28.496246,30.033356,29.420074,29.722809,30.941559,28.476715,34.63687,24.982574,32.44156,26.865387,29.226715,28.839996
7/1/2009,26.697906,28.830719,28.56314,28.79361,28.740875,27.539703,27.879547,28.924469,32.045563,27.024078,29.051422,28.1315,27.516266,27.608063
8/1/2009,27.47647,27.654205,27.73233,27.318268,27.464752,26.427643,26.85733,28.253815,30.33194,27.986237,27.548737,27.70694,26.617096,26.66983
9/1/2009,27.608551,27.731598,27.87613,27.715973,27.704254,26.633942,27.227692,28.02652,29.973785,28.288239,27.741364,27.68277,27.016754,27.100739
10/1/2009,27.89981,28.89981,28.720123,28.91153,28.825592,27.632233,28.792389,29.02481,32.57364,28.358795,29.876373,28.372467,28.216217,28.347076
11/1/2009,26.374054,27.026398,26.418976,27.338898,26.907257,27.114288,28.610382,27.251007,29.897491,26.161163,28.864288,26.385773,26.899445,27.141632
12/1/2009,24.100128,25.336456,24.689972,25.30716,25.191925,26.346222,27.273956,25.772003,28.236847,23.912628,27.283722,24.561066,25.078644,25.725128
1/1/2010,22.37149,25.078522,24.881256,25.59024,25.1586,27.066803,26.80899,25.537506,27.24649,22.69571,27.875397,24.156647,25.750397,26.004303
2/1/2010,21.740631,26.857819,26.740631,28.170319,27.41446,30.605865,30.31485,26.449615,30.449615,22.514069,31.166412,24.756256,28.004303,27.592194
3/1/2010,21.976227,28.903961,28.599274,30.183258,29.575836,32.712555,32.3649,28.579742,33.382477,23.487946,33.673492,26.083649,29.720367,28.864899
4/1/2010,21.876617,27.726227,28.087555,30.675446,29.507477,33.548492,33.732086,26.525055,35.237946,22.302399,35.194977,24.653961,30.32193,29.130524
5/1/2010,22.879547,28.776031,28.611969,31.143219,30.070953,32.990875,34.12564,28.305328,36.848297,23.832672,35.860016,25.926422,30.63736,29.647125
6/1/2010,25.218903,28.832184,28.86734,30.6232,29.953278,29.464996,30.756012,28.177887,34.48648,25.605621,32.76773,27.107574,29.474762,29.338043
7/1/2010,26.823639,28.669342,28.475983,28.483795,28.68692,27.14981,27.700592,28.647858,31.759186,27.196686,29.097076,28.003326,27.360748,27.386139
8/1/2010,27.43863,28.36441,28.33902,27.805817,28.06363,26.434723,27.02652,28.579254,30.106598,27.905426,28.02066,28.206207,26.923004,27.06363
9/1/2010,27.493805,27.536774,27.706696,27.345367,27.402008,26.319977,26.85318,28.075836,29.380524,28.060211,27.44107,27.650055,26.630524,26.650055
10/1/2010,27.674225,28.2211,28.389069,28.361725,28.185944,27.396881,27.963287,28.728912,32.498444,27.957428,29.019928,28.117584,27.947662,28.074615
11/1/2010,26.883331,26.984894,26.740753,27.334503,26.83841,27.623566,27.637238,28.109894,30.068878,26.781769,29.090363,27.240753,27.574738,27.922394
12/1/2010,25.085358,26.159576,25.970123,26.044342,26.151764,27.341217,26.446686,25.864655,28.558014,24.558014,27.860748,25.438873,26.55606,27.110748
1/1/2011,23.29837,24.353058,24.120636,25.056183,24.794464,26.737823,26.532745,24.288605,26.980011,22.68509,27.575714,23.544464,25.249542,25.599152
2/1/2011,20.884674,25.19522,24.996002,25.880768,25.49405,28.189362,28.697174,25.130768,26.4628,21.921783,28.724518,23.999908,26.583893,27.005768
3/1/2011,19.663727,26.624664,26.278961,28.607086,27.726227,32.099274,31.698883,25.64029,31.775055,21.146149,32.64615,23.181305,28.343414,27.84732
4/1/2011,20.588531,27.432281,27.297516,30.139313,28.945953,33.092438,33.115875,26.363922,34.639313,21.914703,34.504547,24.016266,29.647125,28.717438
5/1/2011,21.452057,27.059479,27.223541,30.002838,28.776276,33.368073,33.571198,25.750885,35.569244,22.125885,34.926666,24.008698,29.871979,28.743073
6/1/2011,24.504303,28.701569,28.25821,30.191803,29.523834,29.578522,30.785553,27.387115,34.7211,24.492584,33.012115,26.560944,29.264069,28.96524
7/1/2011,26.224762,28.769684,28.664215,29.224762,29.02359,27.328278,28.058746,28.42984,32.740387,26.46109,30.136871,27.726715,27.496246,27.67984
8/1/2011,27.071442,27.905426,27.930817,27.71402,27.854645,26.68277,26.971832,28.133942,30.241364,27.456207,28.173004,27.665192,26.764801,26.850739
9/1/2011,27.524567,28.329254,28.374176,28.135895,28.180817,27.046051,27.487457,28.93863,31.02066,28.104645,28.548004,28.116364,27.485504,27.643707
10/1/2011,28.080963,28.721588,29.01651,29.123932,29.039948,27.955963,28.69815,29.653229,32.069244,28.614166,30.770416,28.795807,28.059479,28.161041
11/1/2011,25.813385,26.600494,27.008698,27.686432,27.426666,28.059479,28.192291,28.11026,30.39151,25.801666,29.64737,26.487213,27.39737,27.6669
12/1/2011,24.024567,24.155426,24.233551,24.819489,24.80777,25.649567,26.096832,25.255035,25.604645,23.885895,26.755035,24.311676,24.585114,25.372223
1/1/2012,21.471344,24.264313,24.50064,25.055328,24.934235,26.178375,27.090485,24.623688,24.604156,22.139313,26.783844,24.055328,25.129547,25.53775
2/1/2012,19.575836,24.741852,25.138336,25.997711,25.747711,27.989899,28.704742,24.69107,26.142242,20.876617,28.194977,23.03482,26.64029,26.819977
3/1/2012,20.523346,27.386627,27.61905,28.933502,28.591705,31.751862,31.730377,26.943268,30.32608,22.429596,32.20108,25.265533,29.10147,28.314362
4/1/2012,19.764557,27.057526,27.596588,29.963776,29.17862,32.881744,33.227448,25.88565,33.858307,20.895416,34.17862,23.412994,30.07315,28.995026
5/1/2012,22.259186,28.72403,27.823639,30.15567,29.653717,32.31778,32.778717,28.108795,35.45645,23.39981,34.259186,25.925201,29.458405,28.313873
6/1/2012,24.59195,28.757965,28.257965,30.058746,29.545074,29.775543,31.21109,28.006012,34.59195,24.976715,33.039215,26.931793,29.359528,28.908356
7/1/2012,26.463776,28.590729,28.26651,28.239166,28.461823,26.504791,27.20987,28.559479,31.498932,26.674713,28.465729,27.825104,26.895416,26.973541
8/1/2012,27.090973,27.674957,27.68863,27.391754,27.542145,26.34488,26.911285,28.212067,29.653473,27.817535,27.698395,27.600739,26.700348,26.749176
9/1/2012,27.445953,27.81314,27.924469,27.518219,27.674469,26.295563,26.854156,28.385406,30.026031,28.197906,27.455719,27.91275,26.676422,26.779938
10/1/2012,28.088531,28.518219,28.748688,28.838531,28.717438,27.379547,28.2565,29.274078,32.55533,28.529938,29.457672,28.40689,28.092438,28.207672
11/1/2012,26.735016,28.051422,28.363922,29.160797,28.740875,28.1315,28.779938,27.770172,32.047516,26.221344,30.658844,27.141266,28.203766,28.369781
12/1/2012,23.630768,23.902252,24.249908,25.052643,24.847565,24.9003,25.943268,24.156158,25.568268,22.849518,26.458893,23.433502,25.035065,25.7128
1/1/2013,21.890533,23.540924,23.86905,24.572174,24.57022,24.699127,26.097565,24.048737,24.60733,22.478424,26.079987,23.048737,24.835846,25.35733
2/1/2013,21.29068,26.118805,26.591461,27.13443,27.304352,28.146149,29.595367,26.267242,28.194977,22.544586,30.153961,24.632477,27.679352,27.689117
3/1/2013,21.095367,27.569977,27.950836,29.808258,29.50357,32.0231,32.49185,26.493805,32.74185,22.081696,33.644196,24.444977,29.595367,28.579742
4/1/2013,20.590485,26.432281,26.547516,29.002594,28.395172,32.197906,32.686188,25.402985,33.83658,21.240875,33.89908,23.41275,29.336578,27.692047
5/1/2013,22.995026,28.6669,27.924713,30.444244,29.887604,32.176666,33.07315,28.946198,35.78409,24.461823,34.86026,26.364166,30.243073,29.157135
6/1/2013,24.57901,28.401276,28.000885,29.799713,29.483307,29.563385,31.282135,27.489166,34.432526,25.11026,32.963776,26.504791,29.49112,29.006744
7/1/2013,26.521637,28.86148,28.631012,29.14859,29.134918,27.17984,28.0607,28.734528,32.17398,26.838043,29.894684,27.945465,27.353668,27.425934
8/1/2013,26.818024,27.60904,27.536774,27.337555,27.487946,26.073883,26.694977,27.845367,29.989899,27.277008,27.730133,27.39029,26.239899,26.282867
9/1/2013,27.29068,27.837555,28.06607,27.91568,27.94693,26.788727,27.31607,28.06607,30.913727,27.90982,28.087555,27.693024,27.204742,27.29654
10/1/2013,27.818512,28.443512,28.572418,28.564606,28.58023,27.164215,27.865387,29.218903,32.521637,28.34195,29.677887,28.27359,27.656403,27.859528
11/1/2013,26.12259,26.487823,26.90384,27.575714,27.556183,26.558136,27.493683,27.003448,30.09134,25.827667,29.83548,26.255402,26.993683,27.269073
12/1/2013,23.263824,24.199371,24.631012,25.207184,25.209137,25.525543,26.11734,24.496246,26.183746,23.11148,27.345856,23.90445,24.941559,25.58609
1/1/2014,20.474762,23.757965,24.197418,24.990387,25.031403,26.902496,27.156403,23.64273,26.131012,21.076324,27.652496,22.552887,25.20523,25.506012
2/1/2014,19.565338,24.280182,24.819244,25.532135,25.524323,27.301666,28.569244,24.713776,26.315338,21.405182,28.23526,23.278229,26.162994,26.612213
3/1/2014,19.715729,25.768463,26.205963,27.54776,27.258698,30.317291,30.809479,25.321198,30.018463,21.096588,31.182526,23.434479,27.799713,27.250885
4/1/2014,20.509674,27.628815,27.208893,29.747955,29.24405,33.372955,32.92569,27.304596,34.30069,22.32022,33.87686,24.380768,28.953033,27.646393
5/1/2014,21.872711,27.337555,27.169586,29.907867,29.212555,32.025055,32.579742,26.085602,35.448883,22.487946,33.75357,24.468414,29.530914,28.208649
6/1/2014,24.614899,29.200836,28.474274,30.585602,30.179352,29.667633,31.302399,28.261383,35.39615,25.081696,33.17935,27.093414,29.44107,29.167633
7/1/2014,26.240631,29.291412,29.0336,29.818756,29.885162,28.385162,29.361725,28.928131,33.230865,26.711334,30.394928,28.100006,28.21524,28.082428
8/1/2014,26.762115,28.516022,28.185944,27.924225,28.336334,26.672272,26.967194,28.47696,30.682037,27.178131,27.892975,27.998444,26.582428,26.654694
9/1/2014,27.32779,28.036774,28.038727,27.751617,27.872711,26.400055,27.032867,29.058258,31.689117,28.173492,27.802399,28.185211,26.94107,27.04654
10/1/2014,27.723541,29.471588,29.086823,29.287994,29.495026,27.662994,28.07901,29.67276,33.237213,28.26065,29.957916,28.819244,27.877838,28.123932
11/1/2014,26.130157,27.466095,27.427032,28.01297,28.178986,27.370392,28.229767,27.053986,30.337189,25.64383,29.53836,26.60672,27.282501,27.573517
12/1/2014,23.523834,24.486725,24.63321,25.238678,25.379303,25.71524,26.600006,25.342194,26.051178,23.66446,26.748444,24.441803,25.074615,25.822662
1/1/2015,20.71048,23.894073,24.140167,24.437042,24.452667,26.333527,26.190948,24.411652,25.253448,21.599152,26.782745,23.038605,24.700714,25.483917
2/1/2015,19.454254,24.881989,25.348785,26.616364,26.110504,29.231598,29.198395,24.18863,28.141754,20.68277,29.487457,22.780426,26.442535,26.56363
3/1/2015,19.875397,26.254303,26.486725,27.781647,27.2836,30.75821,31.0961,25.504303,30.180084,21.312897,31.525787,23.920319,27.859772,27.63321
4/1/2015,20.463287,27.557037,27.279694,29.41446,28.787506,33.338287,32.613678,26.607819,35.27774,21.644928,34.094147,23.87735,28.641022,27.662506
5/1/2015,22.782623,28.261139,27.620514,29.886139,29.272858,33.315826,33.575592,27.28067,35.679108,23.792389,34.989655,25.895905,29.84317,28.972076
6/1/2015,24.338043,28.84195,28.244293,30.334137,29.595856,30.76773,31.920074,27.843903,35.19937,25.039215,33.98648,26.744293,29.746246,29.414215
7/1/2015,26.384186,29.114655,28.766998,29.59317,29.419342,27.763092,28.11856,28.575592,32.835358,26.577545,29.934967,27.897858,27.552155,27.645905
8/1/2015,27.32608,28.099518,28.023346,27.912018,27.906158,26.781158,27.19522,28.246002,30.722565,27.720612,27.980377,27.878815,26.872955,26.970612
9/1/2015,27.55191,27.555817,27.944489,27.686676,27.67691,26.897614,27.247223,28.124176,30.34488,28.15152,27.909332,27.559723,27.141754,27.256989
10/1/2015,27.614655,28.309967,28.41153,28.339264,28.31778,27.251373,27.825592,29.063873,32.433014,28.065826,29.18106,27.997467,27.731842,27.847076
11/1/2015,27.050323,27.515167,27.390167,27.573761,27.581573,26.345245,27.026886,28.636261,30.220245,27.325714,29.319855,27.36087,26.763214,27.12259
12/1/2015,24.754791,24.594635,24.252838,24.6044,24.580963,24.27237,24.871979,25.61026,26.30362,24.655182,26.618073,24.639557,24.30362,25.36612
1/1/2016,24.286041,26.254791,25.996979,26.120026,26.348541,26.299713,26.51651,26.92276,27.776276,24.973541,28.496979,25.745026,26.20987,26.873932
2/1/2016,22.273102,26.357086,26.435211,26.749664,26.954742,27.82779,27.718414,26.76529,28.054352,23.706696,29.552399,25.335602,26.63443,27.362946
3/1/2016,20.414948,26.45401,26.807526,28.225494,27.936432,31.332916,31.33487,25.852448,30.602448,21.63565,32.370026,23.746979,28.420807,28.442291
4/1/2016,20.801422,27.934235,27.557281,29.758453,29.078766,33.11978,33.154938,27.213531,34.676422,21.94986,34.391266,24.47525,28.820953,27.91861
5/1/2016,21.102692,26.921051,27.380035,30.21988,29.028473,33.54019,33.35269,25.71988,36.700348,21.659332,35.274567,23.65152,29.329254,28.02066
6/1/2016,23.47232,28.155914,27.450836,29.825836,29.01529,29.888336,31.747711,26.818024,34.85318,23.739899,33.63443,25.706696,29.300446,28.737946
7/1/2016,25.707428,28.15274,28.047272,28.504303,28.484772,27.34024,27.984772,27.678131,31.16446,26.055084,29.547272,27.12149,27.092194,27.232819
8/1/2016,26.987457,28.098785,28.215973,28.055817,28.055817,26.99527,27.534332,28.403473,30.08902,27.700348,27.997223,27.667145,27.292145,27.397614
9/1/2016,27.43155,27.818268,27.970612,27.906158,27.874908,26.874908,27.347565,28.396393,31.103424,28.177643,27.949127,27.708893,27.046783,27.11905
10/1/2016,27.668121,29.082184,28.894684,29.92398,29.502106,28.058746,28.509918,29.658356,33.713043,27.84195,30.582184,28.257965,28.42984,28.588043
11/1/2016,26.755524,27.616852,27.763336,28.894196,28.275055,28.017242,28.429352,28.193024,30.687164,26.337555,29.837555,26.806305,27.568024,27.89029
12/1/2016,24.415192,25.655426,25.815582,26.485504,26.15738,26.143707,26.977692,26.53238,27.323395,24.329254,27.65738,25.356598,25.700348,26.477692
1/1/2017,21.89981,23.93106,24.370514,25.319733,24.835358,26.37442,26.89981,24.225983,25.013092,22.263092,27.102936,23.241608,24.901764,25.66153
2/1/2017,19.69278,24.995514,25.407623,27.233795,26.325592,28.800201,29.864655,24.347076,28.997467,20.761139,30.095123,22.696686,26.84317,26.921295
3/1/2017,20.371735,28.320953,28.0065,30.842438,29.658844,32.54361,32.295563,27.774078,33.414703,22.301422,33.559235,24.889313,28.867828,28.266266
4/1/2017,21.65274,28.906647,29.201569,31.90274,30.613678,33.29727,33.273834,28.248444,34.381256,23.00235,34.49649,25.670319,30.266022,29.580475
5/1/2017,22.336578,27.920563,27.48111,30.889313,29.31314,32.36978,33.20572,26.635406,36.133453,22.799469,35.00064,25.158844,29.891266,28.799469
6/1/2017,24.74356,28.782623,28.608795,30.554108,29.585358,29.995514,31.364655,27.659576,34.241608,25.335358,33.05606,26.852936,29.384186,28.977936
7/1/2017,26.238678,28.775787,28.344147,28.271881,28.174225,27.517975,28.00821,28.87149,32.504303,26.826569,28.924225,28.055084,27.262115,27.191803
8/1/2017,27.192535,28.061676,28.02652,27.778473,27.83316,26.686676,27.02066,28.358551,31.581207,27.571442,27.852692,27.712067,26.866364,26.924957
9/1/2017,27.574371,28.322418,28.65445,28.775543,28.545074,27.568512,28.144684,29.320465,32.19156,28.158356,28.787262,28.131012,28.064606,28.076324
10/1/2017,28.28482,29.310211,29.89029,29.94693,29.714508,28.257477,29.124664,31.019196,33.218414,29.150055,30.394196,29.312164,28.94693,28.987946
11/1/2017,27.45279,27.132477,28.00357,28.001617,27.554352,28.318024,28.626617,28.208649,29.985992,27.152008,29.042633,27.179352,28.085602,28.28482
12/1/2017,23.470245,23.843292,24.349152,24.315948,24.052277,25.67923,26.050323,24.349152,24.974152,22.940948,26.171417,23.77884,24.638214,25.433136
1/1/2018,20.364655,23.268951,23.778717,24.16153,23.876373,25.923248,26.608795,23.454498,24.75528,20.903717,26.675201,22.43106,24.651764,25.335358
2/1/2018,18.455963,23.629791,24.170807,25.36612,24.868073,28.0419,28.793854,22.670807,26.3544,19.39151,28.600494,21.252838,25.877838,25.643463
3/1/2018,20.204254,28.27066,28.42691,30.014801,29.36441,32.106598,32.223785,27.45816,32.2023,22.098785,33.42105,24.68863,28.80191,28.487457
4/1/2018,19.566315,26.468658,27.13272,29.796783,28.324127,33.048737,32.941315,25.208893,33.255768,20.80655,34.18741,22.814362,28.716705,28.277252
5/1/2018,20.33023,26.11734,26.695465,29.664215,27.972809,33.726715,33.213043,24.869293,35.16031,20.927887,34.720856,22.750153,28.724762,27.775543
6/1/2018,22.997955,28.040924,27.521393,29.810455,28.749908,30.089752,31.447174,26.949127,34.746002,23.636627,33.30069,25.730377,29.121002,28.589752
7/1/2018,25.459137,28.541168,28.396637,28.564606,28.582184,27.414215,27.933746,28.422028,31.925934,25.894684,29.322418,27.572418,27.3732,27.377106
8/1/2018,26.204742,28.114899,27.919586,27.614899,27.689117,26.400055,26.991852,28.333649,31.806305,26.583649,27.894196,27.491852,26.698883,26.710602
9/1/2018,26.822906,27.59439,27.68814,27.629547,27.602203,26.516266,26.985016,27.934235,30.877594,27.72525,27.518219,27.297516,26.799469,26.926422
10/1/2018,27.106598,28.973785,28.954254,29.356598,29.227692,27.704254,28.674957,28.86441,33.610504,27.374176,30.247223,27.948395,28.100739,28.262848
11/1/2018,24.228912,26.77774,26.998444,27.71524,27.09024,27.766022,28.416412,26.709381,30.926178,24.092194,29.728912,25.451569,27.107819,27.547272
12/1/2018,23.600128,25.096222,25.285675,25.377472,25.242706,26.422394,26.580597,25.748566,26.96341,23.85794,27.82669,24.63919,25.178253,26.016144
1/1/2019,21.603424,24.066315,24.566315,24.597565,24.566315,26.210846,26.533112,24.111237,25.191315,21.704987,27.13272,22.941315,24.912018,25.609283
2/1/2019,21.12564,25.805328,26.399078,26.860016,26.674469,28.514313,29.35611,25.768219,27.549469,22.1315,29.654938,24.221344,27.088531,27.420563
3/1/2019,20.26236,25.451813,26.172516,27.2565,26.772125,30.60025,30.885406,25.160797,28.998688,21.32486,31.018219,23.48111,28.186188,28.033844
4/1/2019,19.906158,27.423737,27.990143,30.359283,29.189362,33.915924,33.521393,26.16983,33.47647,21.066315,34.615143,23.443268,29.441315,29.064362
5/1/2019,21.004547,26.434235,27.16861,29.391266,28.1315,34.02408,33.692047,25.217438,35.14322,21.322906,34.951813,23.309235,28.885406,28.00064
6/1/2019,23.02774,27.605865,27.392975,29.568756,28.588287,32.02774,32.892975,27.119537,35.816803,23.988678,34.174225,25.387115,29.543365,28.742584
7/1/2019,25.045563,28.90689,28.586578,29.820953,29.432281,27.854156,28.28189,28.004547,33.811188,25.664703,29.924469,27.098297,27.78189,27.78775
8/1/2019,26.200592,28.647858,28.423248,28.620514,28.745514,26.950592,27.528717,28.413483,31.472076,26.860748,28.72403,27.753326,27.06778,27.21817
9/1/2019,27.680328,28.06314,28.178375,28.080719,28.080719,26.996735,27.371735,28.53189,31.570953,28.18814,28.121735,27.994781,27.182281,27.295563
10/1/2019,27.603668,28.035309,28.349762,28.945465,28.668121,27.312653,28.011871,28.988434,32.640778,28.201324,29.043121,27.916168,28.121246,28.291168
11/1/2019,25.227692,27.106598,27.49527,29.098785,28.471832,28.329254,28.612457,27.965973,31.128082,24.911285,30.128082,26.108551,27.659332,28.141754
12/1/2019,23.38675,24.51175,25.050812,26.033234,25.806671,26.619171,26.304718,25.435577,27.63089,23.34964,28.214874,24.175812,25.207062,26.095734
1/1/2020,22.193634,24.426056,25.029572,25.599884,25.60379,26.26004,26.8284,25.136993,25.711212,22.568634,27.642853,24.19754,25.508087,26.074493
2/1/2020,23.7211,28.330475,28.678131,29.014069,29.316803,30.078522,30.357819,28.650787,30.342194,24.873444,31.642975,27.146881,28.43399,28.801178
3/1/2020,21.887604,27.903229,28.565338,29.551666,29.461823,32.112213,32.245026,27.4794,31.48526,22.871979,33.07315,25.477448,30.1044,29.33487
4/1/2020,20.796295,28.729889,28.901764,31.470123,30.68106,34.140045,34.089264,27.690826,35.313873,22.058014,35.483795,24.788483,30.876373,29.772858
5/1/2020,21.850006,27.709381,27.764069,30.348053,29.889069,34.103912,33.88907,27.129303,37.463287,22.732819,35.373444,24.668365,30.111725,28.705475
6/1/2020,24.597076,29.384186,29.028717,30.84317,30.47403,30.173248,31.179108,28.641998,35.83731,25.21817,32.694733,27.423248,29.831451,29.247467
7/1/2020,26.57193,28.735992,28.542633,28.687164,28.819977,27.50357,28.095367,28.286774,31.679352,26.794586,28.97818,27.956696,27.44693,27.413727
8/1/2020,27.464508,28.501617,28.23404,27.970367,28.130524,26.939117,27.306305,28.876617,31.214508,27.98404,28.005524,28.368805,26.782867,26.82779
9/1/2020,27.54776,27.725494,27.82901,27.621979,27.653229,26.577057,27.086823,28.026276,29.70987,28.065338,27.504791,27.668854,26.881744,26.932526
10/1/2020,28.321808,28.65384,28.739777,28.718292,28.761261,27.728058,28.286652,29.759308,31.468292,28.93509,28.737823,28.907745,28.49173,28.61673
11/1/2020,27.475372,27.033966,27.00467,27.246857,27.465607,28.063263,27.414825,27.981232,29.799591,27.094513,28.069122,27.229279,27.385529,27.801544
12/1/2020,23.951813,24.936188,24.959625,26.201813,25.852203,28.326813,26.971344,25.092438,28.053375,23.570953,28.498688,24.221344,25.84439,26.617828
1/1/2021,21.20279,24.720367,24.700836,25.98404,25.89029,27.78482,27.75357,25.638336,27.028961,22.624664,28.607086,24.194977,25.771149,26.394196
2/1/2021,20.156647,25.678131,25.861725,27.035553,26.986725,29.781647,29.592194,26.260162,28.728912,21.881256,30.2836,24.141022,27.285553,27.703522
3/1/2021,20.005035,25.809723,26.229645,28.393707,27.647614,32.342926,31.034332,25.700348,31.860504,21.288239,32.512848,23.258942,28.12613,28.268707
4/1/2021,20.619293,27.613434,27.693512,30.175934,29.097809,34.464996,32.9357,27.52359,35.91031,21.98648,34.601715,24.593903,29.318512,28.547028
5/1/2021,20.979156,26.852203,27.090485,29.920563,28.348297,34.340485,33.645172,26.09439,36.21158,21.914703,34.910797,24.358063,29.799469,28.79361
6/1/2021,24.360016,29.049469,28.623688,30.621735,29.71939,30.973297,31.686188,28.465485,35.445953,25.258453,33.147125,27.34439,29.942047,29.414703
7/1/2021,25.787994,29.106354,28.932526,30.028229,29.606354,28.659088,29.000885,28.114166,33.11612,26.018463,30.567291,27.715729,28.200104,28.094635
8/1/2021,27.175201,27.919342,27.929108,27.823639,27.841217,26.68692,27.18692,28.247467,29.83731,27.78067,27.878326,27.700592,26.950592,27.079498
9/1/2021,27.915192,28.512848,28.475739,28.415192,28.368317,27.23941,27.77066,28.98941,31.49527,28.549957,28.448395,28.255035,27.67691,27.70816
10/1/2021,27.89151,29.561432,28.918854,29.012604,29.030182,27.911041,28.29776,29.707916,32.65323,28.36612,30.149323,28.907135,28.0419,28.170807
11/1/2021,26.631989,28.921051,28.450348,28.930817,28.692535,28.704254,28.848785,28.61441,31.665192,26.264801,30.118317,27.766754,28.221832,28.46402
12/1/2021,24.292023,26.370148,25.94046,26.911163,26.522491,27.827179,27.854523,26.889679,28.663116,24.40335,29.145538,25.54007,26.6221,27.245148
1/1/2022,23.809723,26.030426,25.930817,26.891754,26.567535,27.87027,28.628082,26.005035,27.70816,24.077301,29.286285,25.143707,26.893707,26.889801
2/1/2022,21.961823,25.778229,25.95401,26.977448,26.582916,29.313385,29.686432,25.957916,28.612213,22.618073,30.125885,24.598541,27.434479,27.364166
3/1/2022,19.014557,25.653229,25.961823,27.850494,26.821198,32.639557,32.28409,25.159088,30.789948,20.594635,32.86026,22.977448,28.594635,28.164948
4/1/2022,20.14151,27.295807,27.42276,29.762604,28.557526,34.50479,33.68448,26.188385,34.543854,21.250885,35.04776,24.049713,28.94815,28.45401
5/1/2022,22.182526,28.278229,27.842682,29.975494,28.989166,33.446198,33.295807,27.899323,35.539948,23.754791,34.430573,26.149323,29.694244,29.118073
6/1/2022,24.944489,28.702301,28.305817,29.100739,28.924957,29.487457,30.18277,28.694489,33.799957,25.786285,31.380035,27.52652,28.780426,28.585114
7/1/2022,26.590973,28.75113,28.542145,28.473785,28.805817,27.633942,27.93277,28.299957,31.649567,26.37027,29.340973,27.981598,27.292145,27.352692
8/1/2022,27.325592,27.921295,27.946686,27.550201,27.727936,26.507233,26.97403,28.257233,29.433014,27.716217,27.96231,27.835358,26.56778,26.669342
9/1/2022,27.385406,27.639313,27.791656,27.529938,27.645172,26.451813,26.945953,27.901031,29.916656,27.945953,27.578766,27.459625,26.752594,26.836578
10/1/2022,27.794586,28.396149,28.517242,28.001617,28.25943,27.069977,27.573883,29.087555,31.530914,28.439117,28.675446,28.32193,27.59732,27.704742
11/1/2022,27.13736,25.854156,26.295563,25.764313,25.996735,27.018219,26.317047,27.268219,28.877594,26.68814,27.54361,26.635406,26.29361,26.860016
12/1/2022,24.739777,24.73587,25.062042,25.05423,25.136261,26.605011,26.200714,25.472198,27.620636,24.175323,27.438995,24.825714,25.427277,26.165558
1/1/2023,22.612701,24.198639,24.481842,24.878326,24.884186,26.46231,27.083405,24.69278,26.397858,22.571686,28.058014,23.950592,25.278717,25.81192
2/1/2023,19.809967,25.278717,25.550201,26.645905,26.372467,29.870514,30.050201,25.386139,29.319733,21.050201,30.864655,22.886139,27.013092,27.261139
3/1/2023,21.13565,27.473541,27.563385,28.36612,28.344635,32.139557,32.045807,27.76065,32.22354,22.787994,32.694244,25.705963,28.332916,28.096588
4/1/2023,21.59732,27.94693,28.249664,29.872711,29.22818,33.939117,33.72232,27.376617,34.380524,22.761383,34.855133,25.245758,29.54068,29.06607
5/1/2023,23.790192,28.878082,29.005035,30.27652,29.686676,33.00699,34.10269,28.462067,36.409332,24.587067,35.63394,26.64566,30.30777,29.981598
6/1/2023,25.725739,29.690582,29.538239,30.616364,30.321442,30.590973,31.881989,29.098785,36.10855,26.280426,33.55777,27.819489,29.524567,29.454254
7/1/2023,27.748932,29.39151,29.254791,29.461823,29.606354,27.889557,28.893463,29.225494,32.727448,28.01065,29.952057,28.754791,27.938385,27.912994
8/1/2023,27.712555,28.249664,28.372711,28.462555,28.388336,27.271149,28.079742,28.616852,31.249664,27.989899,29.011383,28.07193,27.29654,27.32779
9/1/2023,28.319244,28.498932,28.684479,28.500885,28.539948,27.301666,27.918854,28.889557,32.301666,28.848541,29.133698,28.332916,27.784088,27.86026
10/1/2023,28.541412,29.4086,29.213287,29.262115,29.18399,27.951569,29.150787,30.080475,33.769928,28.973053,31.244537,28.998444,28.291412,28.332428
11/1/2023,27.406158,27.324127,27.57022,27.564362,27.57022,28.466705,28.324127,28.271393,30.6503,26.72647,29.412018,27.148346,27.51944,27.997955
12/1/2023,24.776764,25.05606,25.481842,25.612701,25.68692,26.409576,27.28067,25.888092,27.270905,24.24356,27.852936,24.841217,25.552155,26.460358
